<?xml version="1.0" encoding="UTF-8"?>
<kml xmlns="http://www.opengis.net/kml/2.2" xmlns:gx="http://www.google.com/kml/ext/2.2" xmlns:kml="http://www.opengis.net/kml/2.2" xmlns:atom="http://www.w3.org/2005/Atom">
<Document id="1v8LyZ4gKguknIjLxpozGWRJtULq3UGpP">
	<name>Master Coordinates</name>
	<gx:CascadingStyle kml:id="__managed_style_08F7A0621B412B8C0B20_highlight">
		<styleUrl>https://earth.google.com/balloon_components/base/1.1.0.0/card_template.kml#main</styleUrl>
		<Style>
			<IconStyle>
				<scale>1.2</scale>
				<Icon>
					<href>https://earth.google.com/earth/document/icon?color=1976d2&amp;id=2000&amp;scale=4</href>
				</Icon>
				<hotSpot x="64" y="128" xunits="pixels" yunits="insetPixels"/>
			</IconStyle>
			<LabelStyle>
			</LabelStyle>
			<LineStyle>
				<color>ff2dc0fb</color>
				<width>6</width>
			</LineStyle>
			<PolyStyle>
				<color>40ffffff</color>
			</PolyStyle>
			<BalloonStyle>
			</BalloonStyle>
		</Style>
	</gx:CascadingStyle>
	<StyleMap id="__managed_style_08F7A0621B412B8C0B20">
		<Pair>
			<key>normal</key>
			<styleUrl>#__managed_style_08F7A0621B412B8C0B20_normal</styleUrl>
		</Pair>
		<Pair>
			<key>highlight</key>
			<styleUrl>#__managed_style_08F7A0621B412B8C0B20_highlight</styleUrl>
		</Pair>
	</StyleMap>
	<gx:CascadingStyle kml:id="__managed_style_08F7A0621B412B8C0B20_normal">
		<styleUrl>https://earth.google.com/balloon_components/base/1.1.0.0/card_template.kml#main</styleUrl>
		<Style>
			<IconStyle>
				<Icon>
					<href>https://earth.google.com/earth/document/icon?color=1976d2&amp;id=2000&amp;scale=4</href>
				</Icon>
				<hotSpot x="64" y="128" xunits="pixels" yunits="insetPixels"/>
			</IconStyle>
			<LabelStyle>
			</LabelStyle>
			<LineStyle>
				<color>ff2dc0fb</color>
				<width>4</width>
			</LineStyle>
			<PolyStyle>
				<color>40ffffff</color>
			</PolyStyle>
			<BalloonStyle>
			</BalloonStyle>
		</Style>
	</gx:CascadingStyle>
	<gx:CascadingStyle kml:id="__managed_style_0BC0EAB5AE412B8C0B23_highlight">
		<Style>
			<IconStyle>
				<scale>1.2</scale>
				<Icon>
					<href>https://earth.google.com/earth/document/icon?color=1976d2&amp;id=2000&amp;scale=4</href>
				</Icon>
				<hotSpot x="64" y="128" xunits="pixels" yunits="insetPixels"/>
			</IconStyle>
			<LabelStyle>
			</LabelStyle>
			<LineStyle>
				<color>ff2dc0fb</color>
				<width>6</width>
			</LineStyle>
			<PolyStyle>
				<color>40ffffff</color>
			</PolyStyle>
			<BalloonStyle>
			</BalloonStyle>
		</Style>
	</gx:CascadingStyle>
	<gx:CascadingStyle kml:id="__managed_style_0BC0EAB5AE412B8C0B23_normal">
		<Style>
			<IconStyle>
				<Icon>
					<href>https://earth.google.com/earth/document/icon?color=1976d2&amp;id=2000&amp;scale=4</href>
				</Icon>
				<hotSpot x="64" y="128" xunits="pixels" yunits="insetPixels"/>
			</IconStyle>
			<LabelStyle>
			</LabelStyle>
			<LineStyle>
				<color>ff2dc0fb</color>
				<width>4</width>
			</LineStyle>
			<PolyStyle>
				<color>40ffffff</color>
			</PolyStyle>
			<BalloonStyle>
			</BalloonStyle>
		</Style>
	</gx:CascadingStyle>
	<StyleMap id="__managed_style_0BC0EAB5AE412B8C0B23">
		<Pair>
			<key>normal</key>
			<styleUrl>#__managed_style_0BC0EAB5AE412B8C0B23_normal</styleUrl>
		</Pair>
		<Pair>
			<key>highlight</key>
			<styleUrl>#__managed_style_0BC0EAB5AE412B8C0B23_highlight</styleUrl>
		</Pair>
	</StyleMap>
	<Folder id="003ACCCF7F30A777E533">
		<name>Travis</name>
		<styleUrl>#__managed_style_0BC0EAB5AE412B8C0B23</styleUrl>
		<Placemark id="06709BBBF231DD6AF2E3">
			<name>U301-AL/UM-3. 00</name>
			<description><![CDATA[<div>Alum Cave Overlook in Audra State Park<br></div><div><br></div>]]></description>
			<LookAt>
				<longitude>-80.06610664637503</longitude>
				<latitude>39.04026302216527</latitude>
				<altitude>529.9589392424152</altitude>
				<heading>96.38303612145965</heading>
				<tilt>45.44699264265051</tilt>
				<gx:fovy>35</gx:fovy>
				<range>464.3600973746652</range>
				<altitudeMode>absolute</altitudeMode>
			</LookAt>
			<styleUrl>#__managed_style_08F7A0621B412B8C0B20</styleUrl>
			<LineString>
				<coordinates>
					-80.06568929088097,39.03968927776259,0 -80.06563291459896,39.03986053845052,0 -80.06562402003604,39.0399478636911,0 -80.06558226646911,39.04007552075521,0 -80.065466773864,39.04022997016332,0 -80.06535343266084,39.04028884646516,0 -80.06530519645644,39.0404195738675,0 -80.06521343203943,39.04057601210875,0 -80.06514360110822,39.04070485584443,0 -80.06498214575409,39.04076389771853,0 -80.06484459873003,39.04085124403599,0 -80.06473680249488,39.04091292781866,0 -80.06450606552838,39.04092873254432,0 -80.06416861891068,39.04089843153717,0 -80.0639713790207,39.04092258492724,0 -80.06369094868091,39.04089282822065,0 
				</coordinates>
			</LineString>
		</Placemark>
		<Placemark id="09C386A52231DD6F9E38">
			<name>U320-KSF/TL-1. 00</name>
			<description><![CDATA[<div>Johnson and Logtown Hollow Trail in Kanawha State Forest<br></div><div><br></div>]]></description>
			<LookAt>
				<longitude>-81.65180050067296</longitude>
				<latitude>38.24058666603769</latitude>
				<altitude>383.960061781151</altitude>
				<heading>267.7182472120761</heading>
				<tilt>0</tilt>
				<gx:fovy>35</gx:fovy>
				<range>991.3828742472106</range>
				<altitudeMode>absolute</altitudeMode>
			</LookAt>
			<styleUrl>#__managed_style_08F7A0621B412B8C0B20</styleUrl>
			<LineString>
				<coordinates>
					-81.65428520798699,38.24220847880051,0 -81.65375365894077,38.2421953956869,0 -81.65341964982086,38.24230826758615,0 -81.65306252550302,38.24243615523547,0 -81.65267116056033,38.24247670067438,0 -81.65235031338899,38.2423704059054,0 -81.65204059025834,38.24226393158649,0 -81.65168847166245,38.24216118192381,0 -81.65108725643783,38.24192185139175,0 -81.65052821639344,38.24163639276473,0 
				</coordinates>
			</LineString>
		</Placemark>
		<Placemark id="064E7E75DF31DD7187F6">
			<name>U323-HAT/FI-3. 00</name>
			<description><![CDATA[<div>Hatfield Cemetery Trailhead<br></div><div><br></div>]]></description>
			<LookAt>
				<longitude>-81.99223092601665</longitude>
				<latitude>37.70233817293733</latitude>
				<altitude>333.0280374822021</altitude>
				<heading>4.724901862515852</heading>
				<tilt>23.24926581516669</tilt>
				<gx:fovy>35</gx:fovy>
				<range>858.6835156599409</range>
				<altitudeMode>absolute</altitudeMode>
			</LookAt>
			<styleUrl>#__managed_style_08F7A0621B412B8C0B20</styleUrl>
			<LineString>
				<coordinates>
					-81.99325743565608,37.70167028390831,0 -81.99319908394688,37.70203397658903,0 -81.99310642867135,37.70230538050168,0 -81.99338572704166,37.70237087111197,0 -81.99370992145512,37.70249755535713,0 -81.99391886567874,37.70268632052457,0 -81.99377587511223,37.7030207077781,0 -81.9932829369113,37.70346565753749,0 -81.99282209220256,37.70390915120757,0 -81.99249052345121,37.70417612446493,0 -81.9921487265544,37.70425438354857,0 
				</coordinates>
			</LineString>
		</Placemark>
		<Placemark id="0B03FB8C8231DD799024">
			<name>U338-CRA/NB- 1. 00</name>
			<description><![CDATA[<div>Cranberry Glades Boardwalk<br></div><div><br></div>]]></description>
			<LookAt>
				<longitude>-80.27375318915595</longitude>
				<latitude>38.19685460210156</latitude>
				<altitude>1026.987914583294</altitude>
				<heading>117.9271018659851</heading>
				<tilt>45.00073696944822</tilt>
				<gx:fovy>35</gx:fovy>
				<range>924.8429532180307</range>
				<altitudeMode>absolute</altitudeMode>
			</LookAt>
			<styleUrl>#__managed_style_08F7A0621B412B8C0B20</styleUrl>
			<LineString>
				<coordinates>
					-80.27496047526054,38.19797120750551,0 -80.2748056988659,38.19788267512107,0 -80.2743638681267,38.19789689387263,0 -80.27401263169708,38.19845678927823,0 -80.2735788896571,38.19842476413428,0 -80.27328131322722,38.19848201254691,0 -80.2727411528376,38.19869642697549,0 -80.27233032829751,38.19896436282407,0 -80.27168626867713,38.19937255758998,0 -80.27143756417036,38.19926237705737,0 -80.27123852021266,38.19902609937721,0 -80.27083851176317,38.19840368155397,0 -80.2715854995333,38.19786093603562,0 -80.27189101378912,38.19783298001867,0 -80.27269510932322,38.19795543227401,0 -80.27321924827487,38.19792760587816,0 -80.2737820578414,38.19767990286199,0 -80.27492843308508,38.19773466776989,0 
				</coordinates>
			</LineString>
		</Placemark>
		<Placemark id="0988345AC53214E16E8E">
			<name>U330-HAT/FI-3. 00</name>
			<description><![CDATA[<div><span style=""><span class="size" style="font-size:12pt">Devil Anse Trail System Maintenance</span></span><br></div>]]></description>
			<LookAt>
				<longitude>-82.16702150443905</longitude>
				<latitude>37.62244709394708</latitude>
				<altitude>211.9181964183418</altitude>
				<heading>88.4037391400779</heading>
				<tilt>44.99715745703627</tilt>
				<gx:fovy>35</gx:fovy>
				<range>368.9183125614363</range>
				<altitudeMode>absolute</altitudeMode>
			</LookAt>
			<styleUrl>#__managed_style_08F7A0621B412B8C0B20</styleUrl>
			<LineString>
				<coordinates>
					-82.16617255532142,37.62242370655284,0 -82.16640022345777,37.6224464401959,0 -82.16663971839711,37.62242555203972,0 -82.16730541271508,37.62235659018064,0 -82.16708181043713,37.62216028994096,0 -82.16634768737981,37.62193456511821,0 -82.16617725922895,37.62232471254485,0 
				</coordinates>
			</LineString>
		</Placemark>
		<Placemark id="0038EEA5C13214E57DA2">
			<name>U323-HAT/FI-7. 00</name>
			<description><![CDATA[<div><span style=""><span class="size" style="font-size:12pt">Bearwallow Trail System Maintenance</span></span><br></div><div><span style=""><span class="size" style="font-size:12pt"></span></span><br></div>]]></description>
			<LookAt>
				<longitude>-81.9319603957091</longitude>
				<latitude>37.86458793464227</latitude>
				<altitude>276.8462864897244</altitude>
				<heading>129.9448838176311</heading>
				<tilt>44.99764747284338</tilt>
				<gx:fovy>35</gx:fovy>
				<range>443.0573340271076</range>
				<altitudeMode>absolute</altitudeMode>
			</LookAt>
			<styleUrl>#__managed_style_08F7A0621B412B8C0B20</styleUrl>
			<LineString>
				<coordinates>
					-81.93131791868559,37.86383130432971,0 -81.93151348805164,37.8641389093461,0 -81.93177454932734,37.86441561287181,0 -81.93220701688665,37.86485953059846,0 -81.93266493434768,37.86503600167111,0 -81.9324328691896,37.86462761950506,0 -81.9318766402929,37.86406690377752,0 -81.93158005123608,37.86374959127718,0 
				</coordinates>
			</LineString>
		</Placemark>
		<Placemark id="0659527C693214E4432A">
			<name>U330-HAT/FI-4. 00</name>
			<description><![CDATA[<div><span style=""><span class="size" style="font-size:12pt">Buffalo Mountain Trail System Maintenance</span></span><br></div>]]></description>
			<LookAt>
				<longitude>-82.20635075901221</longitude>
				<latitude>37.70093515620954</latitude>
				<altitude>422.1648384013399</altitude>
				<heading>-154.0147126983376</heading>
				<tilt>42.99851921966965</tilt>
				<gx:fovy>35</gx:fovy>
				<range>190.7127159527772</range>
				<altitudeMode>absolute</altitudeMode>
			</LookAt>
			<styleUrl>#__managed_style_08F7A0621B412B8C0B20</styleUrl>
			<LineString>
				<coordinates>
					-82.20651638264869,37.7009663659048,0 -82.20647513951788,37.70082009495574,0 -82.20618744595306,37.70084482941166,0 -82.20616120512548,37.70066506931574,0 -82.20735004180598,37.70052444422083,0 -82.20743969398079,37.70086348614305,0 -82.2066329656375,37.70095436352558,0 
				</coordinates>
			</LineString>
		</Placemark>
		<Placemark id="0D924DDB923214E66D40">
			<name> U323-HAT/FI-2. 00 </name>
			<description><![CDATA[<div><span style=""><span class="size" style="font-size:12pt">Bearwallow Trail System Maintenance</span></span><br></div><div><span style=""><span class="size" style="font-size:12pt"></span></span><br></div>]]></description>
			<LookAt>
				<longitude>-81.9319603957091</longitude>
				<latitude>37.86458793464227</latitude>
				<altitude>276.8462864897244</altitude>
				<heading>129.9448838176311</heading>
				<tilt>44.99764747284338</tilt>
				<gx:fovy>35</gx:fovy>
				<range>443.0573340271076</range>
				<altitudeMode>absolute</altitudeMode>
			</LookAt>
			<styleUrl>#__managed_style_08F7A0621B412B8C0B20</styleUrl>
			<LineString>
				<coordinates>
					-81.93135933581574,37.86384067727597,0 -81.9317646685094,37.86434078892079,0 -81.93207098108147,37.86410297060408,0 -81.93163504253606,37.86364322191379,0 -81.93139092827801,37.86369785633374,0 
				</coordinates>
			</LineString>
		</Placemark>
		<Placemark id="0984B5A3BD3214E75EB2">
			<name> U323-HAT/FI-2.00 </name>
			<description><![CDATA[<div><span><span class="size" style="font-size: 12pt;">Bearwallow Trail Maintenance Project</span></span><br></div><div><span><span class="size" style="font-size: 12pt;"></span></span><br></div>]]></description>
			<LookAt>
				<longitude>-81.9319603957091</longitude>
				<latitude>37.86458793464227</latitude>
				<altitude>276.8462864897244</altitude>
				<heading>129.9448838176311</heading>
				<tilt>44.9976474728434</tilt>
				<gx:fovy>35</gx:fovy>
				<range>443.0573340271076</range>
				<altitudeMode>absolute</altitudeMode>
			</LookAt>
			<styleUrl>#__managed_style_08F7A0621B412B8C0B20</styleUrl>
			<LineString>
				<coordinates>
					-81.93120608480271,37.86374282859264,0 -81.93167860829736,37.86447590388163,0 -81.93221304394538,37.8642265062553,0 -81.93183067402417,37.86361973098086,0 -81.93106577400101,37.86351599051257,0 
				</coordinates>
			</LineString>
		</Placemark>
		<Placemark id="0F4B09E74E3214EBF6A4">
			<name> U399-HAT/FI-16. 00</name>
			<description><![CDATA[<div><span><span class="size" style="font-size: 12pt;">Ivy Branch Trail System Maintenance</span></span><br></div>]]></description>
			<LookAt>
				<longitude>-81.87727889999948</longitude>
				<latitude>38.16651410032628</latitude>
				<altitude>205.0585499683193</altitude>
				<heading>7.331713213182006e-13</heading>
				<tilt>45.0000000003263</tilt>
				<gx:fovy>35</gx:fovy>
				<range>809.3836492969422</range>
				<altitudeMode>absolute</altitudeMode>
			</LookAt>
			<styleUrl>#__managed_style_08F7A0621B412B8C0B20</styleUrl>
			<LineString>
				<coordinates>
					-81.8764337735271,38.16604599951093,0 -81.87633639758292,38.16633640712868,0 -81.87843314930684,38.16674402341989,0 -81.87862763465279,38.1664156294971,0 -81.87672659418419,38.16608576627413,0 
				</coordinates>
			</LineString>
		</Placemark>
		<Placemark id="0EC395E2C33214ECE48A">
			<name>U324-HAT/FI-4. 00</name>
			<description><![CDATA[<div><span style=""><span class="size" style="font-size:12pt">Warrior Trail System Maintenance</span></span><br></div>]]></description>
			<LookAt>
				<longitude>-81.69264269582659</longitude>
				<latitude>37.30340172772637</latitude>
				<altitude>408.8231010774239</altitude>
				<heading>-82.77915879647472</heading>
				<tilt>44.99593376052842</tilt>
				<gx:fovy>35</gx:fovy>
				<range>180.271392861996</range>
				<altitudeMode>absolute</altitudeMode>
			</LookAt>
			<styleUrl>#__managed_style_08F7A0621B412B8C0B20</styleUrl>
			<LineString>
				<coordinates>
					-81.69275097893599,37.30356335715224,0 -81.69264448659354,37.30343839058129,0 -81.69235893008648,37.30345232046916,0 -81.69240394229735,37.30361410476849,0 -81.69266776480305,37.30359165136554,0 
				</coordinates>
			</LineString>
		</Placemark>
		<Placemark id="067A9932A23214EE3992">
			<name> U350-HAT/FI-2. 00</name>
			<description><![CDATA[<div><span style=""><span class="size" style="font-size:12pt">Cabwaylingo State Forest Trail Maintenance</span></span><br></div><div><span style=""><span class="size" style="font-size:12pt"></span></span><br></div>]]></description>
			<LookAt>
				<longitude>-82.3734715403161</longitude>
				<latitude>37.98719102966817</latitude>
				<altitude>217.9531557571042</altitude>
				<heading>74.25630055492412</heading>
				<tilt>44.99698531480852</tilt>
				<gx:fovy>35</gx:fovy>
				<range>337.4390301957829</range>
				<altitudeMode>absolute</altitudeMode>
			</LookAt>
			<styleUrl>#__managed_style_08F7A0621B412B8C0B20</styleUrl>
			<LineString>
				<coordinates>
					-82.37298120071341,37.98737022998966,0 -82.37299310779407,37.98724134201071,0 -82.37235692374601,37.98700226656045,0 -82.37240901426875,37.98683396007375,0 -82.37311844017347,37.98695125467216,0 -82.37361547205828,37.98700247362449,0 -82.37373910432784,37.98732371274998,0 -82.3733758121176,37.98744255758034,0 -82.37317608452989,37.98739956145729,0 
				</coordinates>
			</LineString>
		</Placemark>
		<Placemark id="067C15D9923214F155F5">
			<name>U323-HAT/FI-8. 00</name>
			<description><![CDATA[<div><span style=""><span class="size" style="font-size:12pt">Logan County Trail Systems Maintenance</span></span><br></div><div><span style=""><span class="size" style="font-size:12pt">(Rockhouse/Braveheart share Trailhead, Bearwallow also included)</span></span><br></div><div><span style=""><span class="size" style="font-size:12pt"></span></span><br></div>]]></description>
			<LookAt>
				<longitude>-81.88304900004641</longitude>
				<latitude>37.7256774001562</latitude>
				<altitude>239.966011848595</altitude>
				<heading>0</heading>
				<tilt>0</tilt>
				<gx:fovy>35</gx:fovy>
				<range>814.3532974412667</range>
				<altitudeMode>absolute</altitudeMode>
			</LookAt>
			<styleUrl>#__managed_style_08F7A0621B412B8C0B20</styleUrl>
			<LineString>
				<coordinates>
					-81.88300041147053,37.72630189676594,0 -81.88511338173278,37.72530975684113,0 -81.88498385158319,37.72512262161973,0 -81.88273976805046,37.7261425917642,0 
				</coordinates>
			</LineString>
		</Placemark>
		<Placemark id="0A3C64B6523214F3046B">
			<name>U303-HAT/FI-21. 00</name>
			<description><![CDATA[<div><span style=""><span class="size" style="font-size:12pt">Biological Assessment and Programmatic Agreement Development</span></span><br></div>]]></description>
			<LookAt>
				<longitude>-81.50751140654422</longitude>
				<latitude>37.55534344479451</latitude>
				<altitude>418.7022167859208</altitude>
				<heading>75.54569631489007</heading>
				<tilt>44.99998821410176</tilt>
				<gx:fovy>35</gx:fovy>
				<range>814.9258768558504</range>
				<altitudeMode>absolute</altitudeMode>
			</LookAt>
			<styleUrl>#__managed_style_08F7A0621B412B8C0B20</styleUrl>
			<LineString>
				<coordinates>
					-81.50655824333563,37.55573426059554,0 -81.50733906187847,37.55613921971125,0 -81.50781218479,37.55527713725947,0 -81.50740870228834,37.55503270488676,0 -81.50662696097841,37.5555083884304,0 
				</coordinates>
			</LineString>
		</Placemark>
		<Placemark id="0DAB146B3D3214F4396F">
			<name>U323-HAT/FI-5. 00</name>
			<description><![CDATA[<div><span style=""><span class="size" style="font-size:12pt">HMT Logan County Trail System (now known as Braveheart, shares trailhead with Rockhouse)</span></span><br></div><div><span style=""><span class="size" style="font-size:12pt"></span></span><br></div>]]></description>
			<LookAt>
				<longitude>-81.88304900004641</longitude>
				<latitude>37.7256774001562</latitude>
				<altitude>239.966011848595</altitude>
				<heading>0</heading>
				<tilt>0</tilt>
				<gx:fovy>35</gx:fovy>
				<range>814.3532974412667</range>
				<altitudeMode>absolute</altitudeMode>
			</LookAt>
			<styleUrl>#__managed_style_08F7A0621B412B8C0B20</styleUrl>
			<LineString>
				<coordinates>
					-81.88283635136784,37.72634056019956,0 -81.88252182811567,37.72622855650338,0 -81.88219530595546,37.72648283960627,0 -81.88256300022751,37.72658073038338,0 
				</coordinates>
			</LineString>
		</Placemark>
		<Placemark id="0318FEA5713214F53B22">
			<name>U323-HMT/RH-1. 00</name>
			<description><![CDATA[<div><span style=""><span class="size" style="font-size:12pt">HMT Rockhouse &amp; Pinnacle Trail Systems Maintenance</span></span><br></div><div><span style=""><span class="size" style="font-size:12pt"></span></span><br></div>]]></description>
			<LookAt>
				<longitude>-81.88304900004641</longitude>
				<latitude>37.7256774001562</latitude>
				<altitude>239.966011848595</altitude>
				<heading>0</heading>
				<tilt>0</tilt>
				<gx:fovy>35</gx:fovy>
				<range>814.3532974412667</range>
				<altitudeMode>absolute</altitudeMode>
			</LookAt>
			<styleUrl>#__managed_style_08F7A0621B412B8C0B20</styleUrl>
			<LineString>
				<coordinates>
					-81.88419291161685,37.72590239112446,0 -81.88368370162206,37.72545746664048,0 -81.88328502382907,37.7256534660141,0 -81.88377056772202,37.72608505520236,0 
				</coordinates>
			</LineString>
		</Placemark>
		<Placemark id="0C48B3CF723214F621B6">
			<name>U324-HMT/IN-1. 00</name>
			<description><![CDATA[<div><span style=""><span class="size" style="font-size:12pt">HMT Indian Ridge and Pocahontas Trail System</span></span><br></div>]]></description>
			<LookAt>
				<longitude>-81.35273144224199</longitude>
				<latitude>37.41328204677248</latitude>
				<altitude>652.1918842689554</altitude>
				<heading>85.5305850097305</heading>
				<tilt>44.99800664078381</tilt>
				<gx:fovy>35</gx:fovy>
				<range>504.958351254827</range>
				<altitudeMode>absolute</altitudeMode>
			</LookAt>
			<styleUrl>#__managed_style_08F7A0621B412B8C0B20</styleUrl>
			<LineString>
				<coordinates>
					-81.35236360079152,37.41276675704476,0 -81.35194127182598,37.41391496877751,0 -81.35213462362348,37.41401202632031,0 -81.35269705618457,37.4132154635311,0 -81.35265321418694,37.41282882964504,0 
				</coordinates>
			</LineString>
		</Placemark>
		<Placemark id="0C4A4937B13214FEB142">
			<name>U320-HAT/FI-2. 00</name>
			<description><![CDATA[<div><span style=""><span class="size" style="font-size:12pt">HMT Kanawha Trailhead (reallocated to Kanawha County Single Track in Tornado)</span></span><br></div><div><span style=""><span class="size" style="font-size:12pt"></span></span><br></div>]]></description>
			<LookAt>
				<longitude>-81.85950510578796</longitude>
				<latitude>38.34410500936828</latitude>
				<altitude>209.8638416177369</altitude>
				<heading>0</heading>
				<tilt>0</tilt>
				<gx:fovy>35</gx:fovy>
				<range>8555.009160524933</range>
				<altitudeMode>absolute</altitudeMode>
			</LookAt>
			<styleUrl>#__managed_style_08F7A0621B412B8C0B20</styleUrl>
			<LineString>
				<coordinates>
					-81.83221099051548,38.34813068341386,0 -81.84143630904617,38.34491052170547,0 -81.84043249152656,38.33946951121579,0 -81.83100303934908,38.33750547963312,0 -81.83499741990977,38.34234129579202,0 -81.83110107864267,38.34610848399377,0 
				</coordinates>
			</LineString>
		</Placemark>
		<Placemark id="05D25FB67732150599C3">
			<name>U303-HAT/FI-3. 00</name>
			<description><![CDATA[<div><span style=""><span class="size" style="font-size:12pt">HMT Construction of Boone County Trail System (opening 2024 in Peytona)</span></span><br></div><div><span style=""><span class="size" style="font-size:12pt"></span></span><br></div>]]></description>
			<LookAt>
				<longitude>-81.68362431068847</longitude>
				<latitude>38.14249045238569</latitude>
				<altitude>237.1867644180265</altitude>
				<heading>58.68019056550648</heading>
				<tilt>44.9706210582207</tilt>
				<gx:fovy>35</gx:fovy>
				<range>1755.80995388038</range>
				<altitudeMode>absolute</altitudeMode>
			</LookAt>
			<styleUrl>#__managed_style_08F7A0621B412B8C0B20</styleUrl>
			<LineString>
				<coordinates>
					-81.68530836206638,38.14385403650346,0 -81.68711913503297,38.14339137277897,0 -81.68619376648839,38.14130470034411,0 -81.68414885579796,38.14016362874627,0 -81.68223489997769,38.1399332629831,0 -81.68483127473448,38.14357571183474,0 
				</coordinates>
			</LineString>
		</Placemark>
		<Placemark id="0A58D3E63F3216180E1D">
			<name>U320-KSF/TL-2. 00</name>
			<description><![CDATA[<div><span style=""><span class="size" style="font-size:12pt">Davis Creek Trail - Phase 1</span></span><br></div><div><span style=""><span class="size" style="font-size:12pt"></span></span><br></div>]]></description>
			<LookAt>
				<longitude>-81.64509945839824</longitude>
				<latitude>38.28032293048448</latitude>
				<altitude>226.4154187082867</altitude>
				<heading>0</heading>
				<tilt>0</tilt>
				<gx:fovy>34.99999603808502</gx:fovy>
				<range>634.1397674560721</range>
				<altitudeMode>absolute</altitudeMode>
			</LookAt>
			<styleUrl>#__managed_style_08F7A0621B412B8C0B20</styleUrl>
			<LineString>
				<coordinates>
					-81.64188417332797,38.28152379559853,0 -81.64286380508493,38.2811233806227,0 -81.6433881683721,38.28086629335016,0 -81.64449414351725,38.28027068310727,0 -81.64562905905592,38.2799491788527,0 
				</coordinates>
			</LineString>
		</Placemark>
		<Placemark id="0F19C1F62532161DC65A">
			<name>U320-LOC/KS-1. 00</name>
			<description><![CDATA[<div><span style=""><span class="size" style="font-size:12pt">Marmet Locks: Mary Ingles Memorial Trail</span></span><br></div>]]></description>
			<LookAt>
				<longitude>-81.56651408388464</longitude>
				<latitude>38.25964257844004</latitude>
				<altitude>185.8200503982204</altitude>
				<heading>0</heading>
				<tilt>0</tilt>
				<gx:fovy>34.99999999986143</gx:fovy>
				<range>1481.239953349577</range>
				<altitudeMode>absolute</altitudeMode>
			</LookAt>
			<styleUrl>#__managed_style_08F7A0621B412B8C0B20</styleUrl>
			<LineString>
				<coordinates>
					-81.5665681643939,38.25714885347016,0 -81.56643577051555,38.26102139789185,0 -81.5680751445195,38.26142437812672,0 -81.56842949554563,38.26124348909476,0 -81.56893581450744,38.25951214573895,0 
				</coordinates>
			</LineString>
		</Placemark>
		<Placemark id="0C1FDDF62E32162AC6F3">
			<name>U347-CAN/AN-1. 00</name>
			<description><![CDATA[<div><span style=""><span class="size" style="font-size:12pt">Brown Mountain to A-Frame Connector</span></span><br></div>]]></description>
			<LookAt>
				<longitude>-79.45528291257055</longitude>
				<latitude>39.04407700793939</latitude>
				<altitude>984.0617971177055</altitude>
				<heading>0</heading>
				<tilt>0</tilt>
				<gx:fovy>35</gx:fovy>
				<range>2398.218839815236</range>
				<altitudeMode>absolute</altitudeMode>
			</LookAt>
			<styleUrl>#__managed_style_08F7A0621B412B8C0B20</styleUrl>
			<LineString>
				<coordinates>
					-79.44807160155987,39.04673952209481,0 -79.45151020602955,39.04689630799771,0 -79.45458416166464,39.04571651357158,0 -79.45526321686943,39.04398139765591,0 -79.45166772295978,39.04215276788425,0 -79.44718351292727,39.04260534775418,0 -79.44775553735954,39.04617446590771,0 
				</coordinates>
			</LineString>
		</Placemark>
		<Placemark id="024A3D611A32162E0CFF">
			<name>U316-LST/RV-1. 00</name>
			<description><![CDATA[<div><span style=""><span class="size" style="font-size:12pt">Jay Moglia Beginner Trail at Lost River State Park</span></span><br></div>]]></description>
			<LookAt>
				<longitude>-78.92715809059106</longitude>
				<latitude>38.89265158251475</latitude>
				<altitude>619.3861581240942</altitude>
				<heading>0</heading>
				<tilt>0</tilt>
				<gx:fovy>35</gx:fovy>
				<range>617.9097925699898</range>
				<altitudeMode>absolute</altitudeMode>
			</LookAt>
			<styleUrl>#__managed_style_08F7A0621B412B8C0B20</styleUrl>
			<LineString>
				<coordinates>
					-78.92354486579829,38.89587751719219,0 -78.92500523084247,38.89525436490841,0 -78.92513848578947,38.89510569119411,0 -78.92523024337109,38.89440966630239,0 -78.92605016618758,38.89362414589746,0 -78.92712514225776,38.89271372062591,0 -78.92721620996372,38.89246178675862,0 
				</coordinates>
			</LineString>
		</Placemark>
		<Placemark id="030C2874D63216318DE6">
			<name>U333-CAP/AP-2. 00</name>
			<description><![CDATA[<div><span style=""><span class="size" style="font-size:12pt">Cacapon Resort State Park Trails</span></span><br></div>]]></description>
			<LookAt>
				<longitude>-78.31294534553125</longitude>
				<latitude>39.4975401793486</latitude>
				<altitude>375.2931420366116</altitude>
				<heading>0</heading>
				<tilt>0</tilt>
				<gx:fovy>35</gx:fovy>
				<range>2620.78832010564</range>
				<altitudeMode>absolute</altitudeMode>
			</LookAt>
			<styleUrl>#__managed_style_08F7A0621B412B8C0B20</styleUrl>
			<LineString>
				<coordinates>
					-78.30567945104119,39.49958768406818,0 -78.30641082583303,39.49779211444899,0 -78.30907351807186,39.49667859372551,0 -78.31031526153417,39.49648732561523,0 -78.31089366694368,39.49587651368068,0 -78.31304411892395,39.49510535375543,0 -78.31419463416449,39.49489748508998,0 -78.31604167041966,39.492824125051,0 -78.31682352853873,39.49257019536411,0 -78.32244229526428,39.49533234227388,0 
				</coordinates>
			</LineString>
		</Placemark>
	</Folder>
	<Folder id="0EDFA78FC830A7875864">
		<name>Kylena</name>
		<styleUrl>#__managed_style_0BC0EAB5AE412B8C0B23</styleUrl>
		<Placemark id="051A9FC0E331192A8B60">
			<name>U326-CAM/ER-1 .00</name>
			<description><![CDATA[<div>Cameron Sidewalk Repair 1</div>]]></description>
			<LookAt>
				<longitude>-80.56659702498507</longitude>
				<latitude>39.82663685198975</latitude>
				<altitude>324.0271876858258</altitude>
				<heading>0</heading>
				<tilt>0</tilt>
				<gx:fovy>30</gx:fovy>
				<range>387.9262849739825</range>
				<altitudeMode>absolute</altitudeMode>
			</LookAt>
			<styleUrl>#__managed_style_08F7A0621B412B8C0B20</styleUrl>
			<LineString>
				<coordinates>
					-80.56763329855208,39.82672819411759,0 -80.56714829354992,39.82685231315731,0 -80.56709820891581,39.82661026223541,0 
				</coordinates>
			</LineString>
		</Placemark>
		<Placemark id="0E6854F22731192BA0FD">
			<name>U326-CAM/ER-1 .00</name>
			<description><![CDATA[<div>Cameron Sidewalk Repair 2</div>]]></description>
			<LookAt>
				<longitude>-80.56660692740874</longitude>
				<latitude>39.82663938701756</latitude>
				<altitude>324.0381684908438</altitude>
				<heading>0</heading>
				<tilt>0</tilt>
				<gx:fovy>30</gx:fovy>
				<range>387.915298791886</range>
				<altitudeMode>absolute</altitudeMode>
			</LookAt>
			<styleUrl>#__managed_style_08F7A0621B412B8C0B20</styleUrl>
			<LineString>
				<coordinates>
					-80.56629885565978,39.82623102843019,0 -80.56628940455113,39.82631296149592,0 -80.5662498815767,39.82633851064578,0 -80.56620997453352,39.82637241221061,0 -80.56608159131937,39.82637676119904,0 -80.56587326379814,39.82640715391957,0 -80.56574594741079,39.82640414117347,0 
				</coordinates>
			</LineString>
		</Placemark>
		<Placemark id="0AFC5AF24D31192B42C7">
			<name>U326-CAM/ER-1 .00</name>
			<description><![CDATA[<div>Cameron Sidewalk Repair 3</div>]]></description>
			<LookAt>
				<longitude>-80.56659702498507</longitude>
				<latitude>39.82663685198975</latitude>
				<altitude>324.0271876858258</altitude>
				<heading>0</heading>
				<tilt>0</tilt>
				<gx:fovy>30</gx:fovy>
				<range>387.9262849739825</range>
				<altitudeMode>absolute</altitudeMode>
			</LookAt>
			<styleUrl>#__managed_style_08F7A0621B412B8C0B20</styleUrl>
			<LineString>
				<coordinates>
					-80.56705056162845,39.82688293849695,0 -80.56666939598482,39.82695643470702,0 -80.56654752080441,39.82650125295847,0 
				</coordinates>
			</LineString>
		</Placemark>
		<Placemark id="066FC0C39530A89C8A63">
			<name>U331-MOR/GA-21.00</name>
			<description><![CDATA[<div>Morgantown Municipal Airport Streetscape<br></div>]]></description>
			<LookAt>
				<longitude>-79.91992536311108</longitude>
				<latitude>39.64726828048893</latitude>
				<altitude>373.2554128389672</altitude>
				<heading>0</heading>
				<tilt>0</tilt>
				<gx:fovy>35</gx:fovy>
				<range>975.459863487049</range>
				<altitudeMode>absolute</altitudeMode>
			</LookAt>
			<styleUrl>#__managed_style_08F7A0621B412B8C0B20</styleUrl>
			<LineString>
				<coordinates>
					-79.92071882134076,39.64835145490295,0 -79.92033490950895,39.64766011800494,0 -79.92016010153766,39.64695820623812,0 -79.92003061458252,39.64648433780127,0 -79.9199132809764,39.6458619518235,0 
				</coordinates>
			</LineString>
		</Placemark>
		<Placemark id="00338F940F30A8C277D4">
			<name>U352-HUN/DR-1. 00</name>
			<description><![CDATA[<div>Hundred Sidewalks</div>]]></description>
			<LookAt>
				<longitude>-80.45779046918139</longitude>
				<latitude>39.68366406738699</latitude>
				<altitude>309.3099308495986</altitude>
				<heading>0</heading>
				<tilt>0</tilt>
				<gx:fovy>35</gx:fovy>
				<range>388.6491479428151</range>
				<altitudeMode>absolute</altitudeMode>
			</LookAt>
			<styleUrl>#__managed_style_08F7A0621B412B8C0B20</styleUrl>
			<LineString>
				<coordinates>
					-80.4553613686451,39.68436648897414,0 -80.45654627631333,39.68413347146449,0 -80.45772990960027,39.68388957162498,0 -80.45905206986184,39.68357864535969,0 
				</coordinates>
			</LineString>
		</Placemark>
		<Placemark id="086A49B0A530B235088A">
			<name>U331-STA/RC-1. 00</name>
			<description><![CDATA[<div>Caperton Rail Trail Star City Repaving</div>]]></description>
			<LookAt>
				<longitude>-79.99009314588257</longitude>
				<latitude>39.65066845832262</latitude>
				<altitude>249.3900780481413</altitude>
				<heading>-167.6065852848908</heading>
				<tilt>9.749990988783559</tilt>
				<gx:fovy>35</gx:fovy>
				<range>301.7952894875634</range>
				<altitudeMode>absolute</altitudeMode>
			</LookAt>
			<styleUrl>#__managed_style_08F7A0621B412B8C0B20</styleUrl>
			<LineString>
				<coordinates>
					-79.9837520751053,39.66609687989202,0 -79.98435684710267,39.66540474270735,0 -79.98495389167529,39.66477661069525,0 -79.98552993961013,39.66411136063579,0 -79.98600058960034,39.66357273327856,0 -79.98635151519787,39.66318748003793,0 -79.98685269233616,39.66269222487508,0 -79.98702408961023,39.66255559359698,0 -79.98745948446221,39.66225180653924,0 -79.98768219750937,39.66215098292768,0 -79.98809151466632,39.66190334249435,0 -79.98850063998786,39.66167157758228,0 -79.98924317730103,39.66123177030705,0 -79.98944022787529,39.66109399358132,0 -79.98987098839181,39.66078176472522,0 -79.99016828367984,39.6605305190359,0 -79.99057231797813,39.66009862390109,0 -79.99083628538332,39.65972334708565,0 -79.99117335509787,39.65909800643654,0 -79.99139799261371,39.65839759939856,0 -79.9914622290293,39.65793935317123,0 -79.99148988942217,39.65772177158099,0 -79.99161767029437,39.65681215266733,0 -79.99169158352888,39.65631134944285,0 -79.99179014549098,39.65561750008019,0 -79.99191758837731,39.65456498965685,0 -79.99192273306295,39.65366604432386,0 -79.99180058363638,39.65320366710964,0 -79.9916585970887,39.65273842491605,0 -79.99139857917802,39.65238561747454,0 -79.99120577313967,39.65210143934395,0 -79.99108316919843,39.6519602808246,0 -79.99065960244747,39.65157216581397,0 -79.99030178143373,39.65127249746212,0 -79.98973386305282,39.65088746517859,0 
				</coordinates>
			</LineString>
		</Placemark>
		<Placemark id="06328B689730B257D0FC">
			<name>U340-POC/AS-1. 00</name>
			<description><![CDATA[<div>Poca Laurel Avenue Sidewalk Extension</div>]]></description>
			<LookAt>
				<longitude>-81.81278824521149</longitude>
				<latitude>38.47795760359438</latitude>
				<altitude>178.4457862646312</altitude>
				<heading>-146.1047299928555</heading>
				<tilt>50.6194880123052</tilt>
				<gx:fovy>35</gx:fovy>
				<range>269.1161028030547</range>
				<altitudeMode>absolute</altitudeMode>
			</LookAt>
			<styleUrl>#__managed_style_08F7A0621B412B8C0B20</styleUrl>
			<LineString>
				<coordinates>
					-81.81354915477837,38.4778722174723,0 -81.81351205290183,38.477894373651,0 -81.81344602599434,38.47791684257387,0 -81.8133946886543,38.47792485215064,0 -81.81334172582226,38.47793613859526,0 -81.81329340537627,38.47794225941841,0 -81.81323713495675,38.47794966084727,0 -81.81309459569205,38.47796370465347,0 -81.81302982250223,38.47796947195836,0 -81.81291528616272,38.47795313206392,0 -81.81286501092505,38.47794289171765,0 -81.81283978483759,38.47794072115195,0 -81.81282143434431,38.47794038123462,0 -81.81279179984048,38.47794358604193,0 -81.81277998584498,38.47795163390357,0 -81.812759434451,38.47796300737098,0 -81.81274490705229,38.47798164383423,0 -81.81272943477519,38.47799670190906,0 -81.81271385507775,38.47800082521812,0 -81.81266715705362,38.47800192748092,0 -81.812627785741,38.47800518778951,0 -81.812557701125,38.47800336927168,0 -81.81251473937209,38.47800511082183,0 -81.81242033102114,38.47801162324664,0 -81.81239029160636,38.47801913443861,0 -81.8123547501345,38.47802825408254,0 -81.81231136610027,38.47804378666566,0 -81.81226385320736,38.47806170705807,0 -81.81217699174633,38.47810927267954,0 -81.81214427262776,38.47813429289654,0 -81.81211665539978,38.47816168523287,0 
				</coordinates>
			</LineString>
		</Placemark>
		<Placemark id="091492A09C30B2B82D48">
			<name>U354-PAR/KE-13.00</name>
			<description><![CDATA[<div>Parkersburg Pond Run Trail &amp; Bridge</div>]]></description>
			<LookAt>
				<longitude>-81.56507468959747</longitude>
				<latitude>39.27234071088296</latitude>
				<altitude>174.685260623398</altitude>
				<heading>0</heading>
				<tilt>0</tilt>
				<gx:fovy>35</gx:fovy>
				<range>855.0959014102409</range>
				<altitudeMode>absolute</altitudeMode>
			</LookAt>
			<styleUrl>#__managed_style_08F7A0621B412B8C0B20</styleUrl>
			<LineString>
				<coordinates>
					-81.55914349090028,39.29686578973571,0 -81.56003438507203,39.29489778813123,0 -81.56052366909306,39.29359510318338,0 -81.56068827431005,39.29195754900284,0 -81.56056175651565,39.29083222688675,0 -81.56052794919229,39.28853020177141,0 -81.5601659066902,39.28732870623561,0 -81.56013488942617,39.28569322510629,0 -81.56029575467372,39.28364368074136,0 -81.560745038853,39.27472642506284,0 -81.56260827393454,39.27091844446509,0 
				</coordinates>
			</LineString>
		</Placemark>
		<Placemark id="01E0582DCC30B2EFFCF7">
			<name>U310-SMI/TH-2. 00</name>
			<description><![CDATA[<div>Smithers Michigan Ave Streetscape</div>]]></description>
			<LookAt>
				<longitude>-81.30607843762223</longitude>
				<latitude>38.17818943205926</latitude>
				<altitude>193.8251530251865</altitude>
				<heading>253.3034359100864</heading>
				<tilt>0</tilt>
				<gx:fovy>35</gx:fovy>
				<range>283.186342625595</range>
				<altitudeMode>absolute</altitudeMode>
			</LookAt>
			<styleUrl>#__managed_style_08F7A0621B412B8C0B20</styleUrl>
			<LineString>
				<coordinates>
					-81.3055281994384,38.17789975822247,0 -81.30562278971202,38.17812784965113,0 -81.30571678773846,38.17831348313967,0 -81.30582538953495,38.17846530790884,0 -81.30592975519953,38.17865783483039,0 -81.30601282693374,38.17879435695283,0 -81.30614247463434,38.17898111845138,0 
				</coordinates>
			</LineString>
		</Placemark>
		<Placemark id="05CE22CF1130B2F63D00">
			<name>U312-PET/ER-1. 00</name>
			<description><![CDATA[<div>Petersburg River Park Hike and Bike Trial</div>]]></description>
			<LookAt>
				<longitude>-79.11659066284957</longitude>
				<latitude>39.00205102814348</latitude>
				<altitude>284.3727444706615</altitude>
				<heading>160.7552504383856</heading>
				<tilt>41.99367378225995</tilt>
				<gx:fovy>35</gx:fovy>
				<range>291.3648598684813</range>
				<altitudeMode>absolute</altitudeMode>
			</LookAt>
			<styleUrl>#__managed_style_08F7A0621B412B8C0B20</styleUrl>
			<LineString>
				<coordinates>
					-79.11344796664888,38.99394633588714,0 -79.11248351175954,38.99403613242155,0 -79.11240909235192,38.99404253835528,0 -79.11234969760629,38.99406786259953,0 -79.11229382848879,38.99410896870328,0 -79.11224892423867,38.99414905376337,0 -79.11222413751317,38.99419745407596,0 -79.11223066274863,38.99424176218851,0 -79.11224786200565,38.99427939586171,0 -79.11228403059401,38.99435251626048,0 -79.11240446316262,38.99455122849882,0 -79.11281732448819,38.99523027836759,0 -79.11296527609625,38.99556913086359,0 -79.11302861631992,38.99580429705602,0 -79.11328708350074,38.99670739801022,0 -79.11340126314349,38.99774682406823,0 -79.11342743224736,38.99783577440772,0 -79.11347765892148,38.9979038137739,0 -79.11354886462831,38.99796743745107,0 -79.11367359524317,38.99805248066978,0 -79.11378923777821,38.99807195718277,0 -79.11392150111725,38.99812383773356,0 -79.11406153202515,38.99816313691365,0 -79.11430290563989,38.99830929868394,0 -79.11441372321718,38.9983967499326,0 -79.11458210327388,38.99852741974002,0 -79.11468559888189,38.99861570446565,0 -79.11475508636173,38.998662159137,0 -79.11479856179511,38.99872859866501,0 -79.11483322753112,38.99882070659103,0 -79.114886951684,38.99907402059308,0 -79.11494806671993,38.99950198047381,0 -79.11489022153702,38.99960574036813,0 -79.11453780328564,38.99998040423746,0 -79.11409632786516,39.00044124356655,0 -79.11393406989717,39.00062100889992,0 -79.11359295687748,39.00101350830125,0 -79.11358165163482,39.00118404053623,0 -79.11358175429477,39.00127003816271,0 -79.11361439927349,39.001535735715,0 -79.11368232845045,39.00166436298245,0 -79.11375578287186,39.00176388946067,0 -79.11391341349922,39.00184273946793,0 -79.11397818068281,39.00187375148307,0 -79.11415518815861,39.00190264973808,0 -79.1143167560046,39.00191571953658,0 -79.11506282418064,39.00192993420421,0 -79.11612260510799,39.00195243500509,0 -79.11708329301435,39.00202376099914,0 -79.11733177201735,39.00199346055732,0 -79.1173194782012,39.00195399145572,0 
				</coordinates>
			</LineString>
		</Placemark>
		<Placemark id="0AF300AEB33119407DD9">
			<name>U339-BRU/CE-2.00</name>
			<description><![CDATA[<div>Union Street CR 6 (Bruceton Mills)</div>]]></description>
			<LookAt>
				<longitude>-79.63956097843987</longitude>
				<latitude>39.66074792282485</latitude>
				<altitude>466.1041788571323</altitude>
				<heading>355.7580023848564</heading>
				<tilt>0</tilt>
				<gx:fovy>35</gx:fovy>
				<range>349.5710664494618</range>
				<altitudeMode>absolute</altitudeMode>
			</LookAt>
			<styleUrl>#__managed_style_08F7A0621B412B8C0B20</styleUrl>
			<LineString>
				<coordinates>
					-79.63960834549826,39.65900981467511,0 -79.6396902276099,39.65950602331201,0 -79.63970971003766,39.65984442834561,0 -79.63960950944119,39.66019486061972,0 -79.63959980943035,39.66045757804685,0 -79.63961802154364,39.66067860510189,0 -79.63971722657232,39.66133508800141,0 
				</coordinates>
			</LineString>
		</Placemark>
		<Placemark id="02013AC8803118C22264">
			<name>U340-ELE/PK-1. 00</name>
			<description><![CDATA[<div><span style="color: rgb(31, 31, 31); font-style: normal; font-variant-ligatures: normal; font-variant-caps: normal; font-weight: 400; letter-spacing: normal; orphans: 2; text-align: start; text-indent: 0px; text-transform: none; widows: 2; word-spacing: 0px; white-space: pre-wrap; background-color: rgb(255, 255, 255); text-decoration-thickness: initial; text-decoration-style: initial; text-decoration-color: initial; float: none; display: inline;"><span class="font" style="font-family:&quot;Google Sans&quot;, Roboto, sans-serif"><span class="size" style="font-size:12px">Eleanor Park Sidewalk Extension</span></span></span><br></div>]]></description>
			<LookAt>
				<longitude>-81.92909112370916</longitude>
				<latitude>38.54057542620838</latitude>
				<altitude>172.139631316108</altitude>
				<heading>17.83469111103832</heading>
				<tilt>41.75186482584127</tilt>
				<gx:fovy>35</gx:fovy>
				<range>417.181213129079</range>
				<altitudeMode>absolute</altitudeMode>
			</LookAt>
			<styleUrl>#__managed_style_08F7A0621B412B8C0B20</styleUrl>
			<LineString>
				<coordinates>
					-81.92639334987685,38.54053916318813,0 -81.92658098296847,38.54053915692992,0 -81.92690337827784,38.54050766156917,0 -81.92704068677745,38.54051127523649,0 -81.92731027203932,38.54052990464493,0 -81.9275459252744,38.5405538516437,0 -81.92767892383475,38.54065953171851,0 -81.92795663539229,38.54070222584079,0 -81.92806166000878,38.54073325329595,0 -81.92815180807878,38.54075274356034,0 -81.9284143615039,38.54062674217674,0 -81.92884972328166,38.540436675522,0 -81.92905456706005,38.54031404544738,0 -81.9292633070344,38.54031361531608,0 -81.92947677370927,38.54033208762181,0 -81.92952430148731,38.540483033602,0 -81.92958200152378,38.54059469861706,0 -81.92970184478607,38.54074792932107,0 -81.92976696647611,38.54076842842667,0 -81.92991649797476,38.540846422146,0 -81.93010349538216,38.54095438067028,0 -81.93028588574772,38.54095284642673,0 -81.93044893628078,38.54104555081273,0 -81.93054540406771,38.54123941662617,0 -81.93060102104316,38.54150463119083,0 -81.93046103640589,38.54166007579796,0 -81.9303703509251,38.54181664508939,0 -81.93027095771531,38.54200561274099,0 -81.9302762992087,38.54219192827922,0 -81.93050903268278,38.54229540509298,0 
				</coordinates>
			</LineString>
		</Placemark>
		<Placemark id="091938C34C30B2FB3C4D">
			<name>U313-RON/CE-1. 00</name>
			<description><![CDATA[<div>Ronceverte Main Street Sidewalks</div>]]></description>
			<LookAt>
				<longitude>-80.46716468303772</longitude>
				<latitude>37.74800447389581</latitude>
				<altitude>514.5496852108051</altitude>
				<heading>158.5280500153943</heading>
				<tilt>31.64892726120791</tilt>
				<gx:fovy>57.1654905425775</gx:fovy>
				<range>67.23903854746823</range>
				<altitudeMode>absolute</altitudeMode>
			</LookAt>
			<styleUrl>#__managed_style_08F7A0621B412B8C0B20</styleUrl>
			<LineString>
				<coordinates>
					-80.46679488775973,37.74836579771753,0 -80.46707553224361,37.74825228735325,0 -80.46745438623682,37.74809227927926,0 -80.46783859583481,37.74794516459576,0 -80.46825742447098,37.74776915150498,0 -80.46849970839587,37.74767400877083,0 
				</coordinates>
			</LineString>
		</Placemark>
		<Placemark id="065C8ACAF330BD45729C">
			<name>U328-PRI/NC-8. 00</name>
			<description><![CDATA[<div>Princeton Thorn Street North Side</div>]]></description>
			<LookAt>
				<longitude>-81.07846751449705</longitude>
				<latitude>37.36885483942628</latitude>
				<altitude>740.8678674092732</altitude>
				<heading>23.24837007017751</heading>
				<tilt>44.9965125281059</tilt>
				<gx:fovy>35</gx:fovy>
				<range>270.4871736931818</range>
				<altitudeMode>absolute</altitudeMode>
			</LookAt>
			<styleUrl>#__managed_style_08F7A0621B412B8C0B20</styleUrl>
			<LineString>
				<coordinates>
					-81.08069222886593,37.3695996078613,0 -81.07975052670554,37.36921010049086,0 -81.07920147913431,37.36898490699483,0 -81.07817633554254,37.36855528557658,0 -81.07802879523892,37.36849058863265,0 
				</coordinates>
			</LineString>
		</Placemark>
		<Placemark id="0D94EC7FF23119B156EC">
			<name>U319-BOL/IV-2.00</name>
			<description><![CDATA[<div>West Washington Street (Bolivar)</div>]]></description>
			<LookAt>
				<longitude>-77.74817483462589</longitude>
				<latitude>39.32533080936144</latitude>
				<altitude>146.7019178391717</altitude>
				<heading>-125.5864549937015</heading>
				<tilt>37.14931024301668</tilt>
				<gx:fovy>35</gx:fovy>
				<range>244.0058624982703</range>
				<altitudeMode>absolute</altitudeMode>
			</LookAt>
			<styleUrl>#__managed_style_08F7A0621B412B8C0B20</styleUrl>
			<LineString>
				<coordinates>
					-77.75493017004027,39.32267641383932,0 -77.75424735235272,39.323020465958,0 -77.75297146278538,39.32367257276912,0 -77.75189148288526,39.32424030179998,0 -77.75077229116826,39.32477724089516,0 -77.75025869280068,39.32506024441287,0 -77.74933762918219,39.3255370045458,0 -77.74881635650725,39.32579892355155,0 -77.74862537421676,39.32585598431547,0 -77.74852841197428,39.3258755021339,0 
				</coordinates>
			</LineString>
		</Placemark>
		<Placemark id="0B2A521DB730BD5EC080">
			<name>U328-PRI/NC-10.00</name>
			<description><![CDATA[<div><span style="font-weight: normal; font-style: normal; text-align: center;"><span class="font" style="font-family:&quot;Times New Roman&quot;"><span class="size" style="font-size:12pt">Straley Ave &amp; North 8th Street Sidewalk Project</span></span></span><br></div>]]></description>
			<LookAt>
				<longitude>-81.09297393022099</longitude>
				<latitude>37.37039879478323</latitude>
				<altitude>748.4109142901181</altitude>
				<heading>168.5829187402586</heading>
				<tilt>44.99556116565753</tilt>
				<gx:fovy>35</gx:fovy>
				<range>120.8203753634007</range>
				<altitudeMode>absolute</altitudeMode>
			</LookAt>
			<styleUrl>#__managed_style_08F7A0621B412B8C0B20</styleUrl>
			<LineString>
				<coordinates>
					-81.09278258142517,37.37053862571831,0 -81.09326021200627,37.37050372602673,0 -81.09322468209542,37.37015428054422,0 
				</coordinates>
			</LineString>
		</Placemark>
		<Placemark id="0E18F1DAE4311939F731">
			<name>U354-VIE/NN-1.00</name>
			<description><![CDATA[<div>Vienna Grand Central Avenue Streetscape 2</div>]]></description>
			<LookAt>
				<longitude>-81.5500817458976</longitude>
				<latitude>39.32458416065692</latitude>
				<altitude>195.1372999560171</altitude>
				<heading>292.9995911252865</heading>
				<tilt>0</tilt>
				<gx:fovy>34.99991848448688</gx:fovy>
				<range>149.3094229252529</range>
				<altitudeMode>absolute</altitudeMode>
			</LookAt>
			<styleUrl>#__managed_style_08F7A0621B412B8C0B20</styleUrl>
			<LineString>
				<coordinates>
					-81.55070649186473,39.32358713069718,0 -81.55065203647791,39.32368054953525,0 -81.55021304383115,39.32437218374074,0 -81.5501041662275,39.32453832906346,0 -81.54966388027646,39.32521516171195,0 
				</coordinates>
			</LineString>
		</Placemark>
		<Placemark id="028B658C753119388DD7">
			<name>U354-VIE/NN-1.00</name>
			<description><![CDATA[<div>Vienna Grand Central Avenue Streetscape 1<br></div>]]></description>
			<LookAt>
				<longitude>-81.5506069364085</longitude>
				<latitude>39.323914278655</latitude>
				<altitude>195.0343754604551</altitude>
				<heading>292.9992611506578</heading>
				<tilt>0</tilt>
				<gx:fovy>34.99991848448688</gx:fovy>
				<range>149.4123430552099</range>
				<altitudeMode>absolute</altitudeMode>
			</LookAt>
			<styleUrl>#__managed_style_08F7A0621B412B8C0B20</styleUrl>
			<LineString>
				<coordinates>
					-81.54988429110193,39.32530312657929,0 -81.55017210028907,39.32482023300418,0 -81.55032061942399,39.32460283055538,0 -81.5505174828655,39.32429071836349,0 -81.55077845887075,39.32389434259636,0 -81.55097663471919,39.32358945047028,0 
				</coordinates>
			</LineString>
		</Placemark>
		<Placemark id="091E236C4932113E2C25">
			<name>S342-ALL/EG-2. 00</name>
			<description><![CDATA[<div>Allegheny Highland Trail Repair phase 2</div>]]></description>
			<LookAt>
				<longitude>-79.68458693193149</longitude>
				<latitude>39.08702475238719</latitude>
				<altitude>504.7777047822923</altitude>
				<heading>-166.5118674615062</heading>
				<tilt>38.00003737573352</tilt>
				<gx:fovy>35</gx:fovy>
				<range>775.9704048631103</range>
				<altitudeMode>absolute</altitudeMode>
			</LookAt>
			<styleUrl>#__managed_style_08F7A0621B412B8C0B20</styleUrl>
			<LineString>
				<coordinates>
					-79.70640037915396,39.0744896066985,0 -79.70612783374324,39.07423422159772,0 -79.70589822700713,39.07401464663654,0 -79.705563471069,39.07374302805253,0 -79.70517350704512,39.07338282155607,0 -79.70356213158175,39.07230369428177,0 -79.70204038563742,39.07147219387193,0 -79.70066185437145,39.07079875022892,0 -79.69933313482683,39.07035387690615,0 -79.69886258819261,39.07021771316045,0 -79.69758010258838,39.07007445748939,0 -79.69637141860652,39.07025696751953,0 -79.69600179459627,39.07033948230922,0 -79.69559164259725,39.07049863169502,0 -79.69508375634119,39.07075160339314,0 -79.69420107917449,39.07125559497234,0 -79.69389080776628,39.07163376061433,0 -79.69314846884303,39.07242945905089,0 -79.69257681812999,39.07277834177597,0 -79.69162736324633,39.07326728322221,0 -79.69099427820584,39.07379844066905,0 -79.69089061167715,39.07401331407374,0 -79.69072909018222,39.07440731087534,0 -79.69078208070151,39.07483200701234,0 -79.69090704965021,39.07517924151895,0 -79.69116507568491,39.07560278370423,0 -79.69137540913655,39.07587899285007,0 -79.69212880189292,39.07713041264694,0 -79.69323784624139,39.07881420684854,0 -79.69381158941357,39.08014296434408,0 -79.69387743416556,39.08069858991734,0 -79.69393156489667,39.0811487408293,0 -79.69393990600418,39.08195604789078,0 -79.69384651672576,39.08274835881532,0 -79.69371085753993,39.08415349678553,0 -79.69367409456768,39.08450566235473,0 -79.69338557031942,39.08537884951383,0 -79.69283646551955,39.08598301027715,0 -79.69243687368257,39.08616139012702,0 -79.69180085692409,39.08645436036019,0 -79.69104172092214,39.08682046712955,0 -79.68963650595536,39.08748486600257,0 -79.68794419101989,39.08798228531863,0 -79.68639676945988,39.08807221434736,0 -79.68489079859629,39.08803500933983,0 -79.68479525305307,39.08802995764181,0 
				</coordinates>
			</LineString>
		</Placemark>
		<Placemark id="09D757E52F30BD5E1449">
			<name>U328-PRI/NC-10.00</name>
			<description><![CDATA[<div><span style="font-weight: normal; font-style: normal; text-align: center;"><span class="font" style="font-family: &quot;Times New Roman&quot;;"><span class="size" style="font-size: 12pt;">Straley Ave &amp; North 8th Street Sidewalk Project</span></span></span><br></div>]]></description>
			<LookAt>
				<longitude>-81.09365693133869</longitude>
				<latitude>37.37051673278727</latitude>
				<altitude>749.9072004773548</altitude>
				<heading>168.5825041806829</heading>
				<tilt>44.99554771301409</tilt>
				<gx:fovy>35</gx:fovy>
				<range>118.7044807290477</range>
				<altitudeMode>absolute</altitudeMode>
			</LookAt>
			<styleUrl>#__managed_style_08F7A0621B412B8C0B20</styleUrl>
			<LineString>
				<coordinates>
					-81.09342144896988,37.37104086999741,0 -81.093382177549,37.37062403948262,0 -81.09388596661451,37.37058212554684,0 
				</coordinates>
			</LineString>
		</Placemark>
		<Placemark id="0FBB5AD7EC32114B0327">
			<name>U317-SAL/EM-1. 00</name>
			<description><![CDATA[<div><span style=""><span class="size" style="font-size:12pt">Salem Sidewalk Phase I</span></span><br></div>]]></description>
			<LookAt>
				<longitude>-80.54915858769679</longitude>
				<latitude>39.28415928355908</latitude>
				<altitude>323.2887154214913</altitude>
				<heading>6.676758805205424e-10</heading>
				<tilt>0</tilt>
				<gx:fovy>35</gx:fovy>
				<range>124.3467891619912</range>
				<altitudeMode>absolute</altitudeMode>
			</LookAt>
			<styleUrl>#__managed_style_08F7A0621B412B8C0B20</styleUrl>
			<LineString>
				<coordinates>
					-80.54782873285602,39.2856404599986,0 -80.54797041247159,39.28550184765454,0 -80.54805767650782,39.28540798572792,0 -80.54823948393039,39.28518878591748,0 -80.5483731212004,39.28507042517508,0 -80.5485048913816,39.28493372342658,0 -80.54869757573765,39.28473590748366,0 -80.54877157194628,39.28463549704195,0 -80.54898994061172,39.28438399187013,0 -80.54915157709451,39.28411223528423,0 -80.54926095820944,39.28393503765102,0 
				</coordinates>
			</LineString>
		</Placemark>
		<Placemark id="00775465953211519FD2">
			<name>U354-PAR/KE-11. 00</name>
			<description><![CDATA[<div><span><span class="size" style="font-size: 12pt;">Parkersburg St. Mary's Avenue&nbsp;</span></span><br></div>]]></description>
			<LookAt>
				<longitude>-81.5467365403193</longitude>
				<latitude>39.27253403317754</latitude>
				<altitude>204.6202082732062</altitude>
				<heading>38.39488817885169</heading>
				<tilt>38.14816000362551</tilt>
				<gx:fovy>35</gx:fovy>
				<range>94.03755257281773</range>
				<altitudeMode>absolute</altitudeMode>
			</LookAt>
			<styleUrl>#__managed_style_08F7A0621B412B8C0B20</styleUrl>
			<LineString>
				<coordinates>
					-81.54655814914986,39.27245142352395,0 -81.54620976904518,39.27271137943415,0 -81.54611120531403,39.27278316725455,0 -81.54596915993038,39.27287270949859,0 -81.5458910800689,39.27293754028992,0 -81.54579200284132,39.27310143602024,0 -81.54573020426218,39.27320248960155,0 -81.5455699710005,39.27346945930051,0 -81.54533228249916,39.27383260433767,0 -81.54506899982378,39.27427028278551,0 -81.54488998325604,39.27456165952663,0 -81.54468287341081,39.27470344907504,0 -81.54424932453965,39.27503288445051,0 -81.54401487424555,39.27522635508216,0 -81.54356389239845,39.2756096334223,0 -81.54387981730744,39.2756382023104,0 -81.54403948445984,39.27538177871961,0 -81.54429523408216,39.27516107941606,0 -81.54463128852552,39.27489385988951,0 -81.54496260714403,39.27466353850399,0 -81.54515852796986,39.27437806242698,0 -81.54524286699709,39.27424234603605,0 -81.54536844901075,39.27403969132112,0 -81.54558206309278,39.27369766542525,0 -81.5458273544871,39.2732980869795,0 -81.54598212496228,39.27305264932519,0 -81.54615923269701,39.27288513150663,0 -81.54652047182175,39.27260719276742,0 -81.54665073934731,39.27251661464269,0 
				</coordinates>
			</LineString>
		</Placemark>
		<Placemark id="0B2EDFBE2E31DD82EC56">
			<name>U316-WAR/DE-1.00</name>
			<description><![CDATA[<div>Wardensville Park Trail<br></div><div><br></div>]]></description>
			<LookAt>
				<longitude>-78.57966157973769</longitude>
				<latitude>39.07763011664812</latitude>
				<altitude>307.5475865618719</altitude>
				<heading>-125.4426714963446</heading>
				<tilt>44.99657026358381</tilt>
				<gx:fovy>35</gx:fovy>
				<range>258.7874228451619</range>
				<altitudeMode>absolute</altitudeMode>
			</LookAt>
			<styleUrl>#__managed_style_08F7A0621B412B8C0B20</styleUrl>
			<LineString>
				<coordinates>
					-78.58004362554676,39.076718045162,0 -78.58008304669718,39.07674526401677,0 -78.58028632293677,39.07677593005881,0 -78.58034339511295,39.07682623180916,0 -78.58038089627715,39.07689621961823,0 -78.58037640064646,39.07701678476937,0 -78.58033074918215,39.07708827322841,0 -78.58026587329144,39.07715590377596,0 -78.58024599642997,39.07721462101691,0 -78.58025702382189,39.07728139747443,0 -78.58038603100792,39.07754538275076,0 -78.58047638084398,39.07785040736087,0 -78.5804934818852,39.07806552356856,0 -78.58049648038192,39.07810823735377,0 -78.5802688298532,39.07829840631001,0 -78.58017597403773,39.07849568992829,0 -78.58008549692092,39.07855114656812,0 -78.57992044626056,39.07858733632739,0 -78.57973886255174,39.07861938097106,0 -78.57965314231781,39.07860962084389,0 -78.57957737890244,39.07856976761994,0 -78.57946077583291,39.0783661317105,0 -78.57941338859375,39.07827213571218,0 -78.57933872374666,39.07816003651391,0 -78.57929028988566,39.07796656744586,0 -78.57931336842212,39.07774596748749,0 -78.57938569378287,39.07764347716824,0 -78.57935484060086,39.07757832804825,0 -78.57936317027853,39.07730308408419,0 -78.57937722073318,39.07701882080168,0 -78.57943731340397,39.07685700039207,0 -78.57948672996839,39.07679421494695,0 -78.57967692626328,39.07664343174358,0 -78.57991122703537,39.07658923268082,0 -78.58001105600239,39.07677674840083,0 -78.58023824367433,39.07725672026923,0 
				</coordinates>
			</LineString>
		</Placemark>
		<Placemark id="000232BDE33201F11E23">
			<name>U335-  WHE/EL- 18. 00</name>
			<description><![CDATA[<div>Wheeling Robrecht Riverfront Park</div>]]></description>
			<LookAt>
				<longitude>-80.7245703474437</longitude>
				<latitude>40.06285352916805</latitude>
				<altitude>199.5505664693349</altitude>
				<heading>-0.0004785383127950189</heading>
				<tilt>0.6240832166682205</tilt>
				<gx:fovy>35</gx:fovy>
				<range>345.4118694219505</range>
				<altitudeMode>absolute</altitudeMode>
			</LookAt>
			<styleUrl>#__managed_style_08F7A0621B412B8C0B20</styleUrl>
			<LineString>
				<coordinates>
					-80.72358762859938,40.06319545607072,0 -80.72507028179307,40.06364065464074,0 -80.72549653336284,40.06259349776013,0 -80.72372665830999,40.06302574447295,0 
				</coordinates>
			</LineString>
		</Placemark>
		<Placemark id="055550B003321139F33A">
			<name>U319-DUF/FI-1.00</name>
			<description><![CDATA[<div>Duffield's Depot Restoration</div>]]></description>
			<LookAt>
				<longitude>-77.8254916443275</longitude>
				<latitude>39.36289076708476</latitude>
				<altitude>148.0408309419059</altitude>
				<heading>0</heading>
				<tilt>0</tilt>
				<gx:fovy>34.9999999999767</gx:fovy>
				<range>282.0457961387002</range>
				<altitudeMode>absolute</altitudeMode>
			</LookAt>
			<styleUrl>#__managed_style_08F7A0621B412B8C0B20</styleUrl>
			<LineString>
				<coordinates>
					-77.82567584861422,39.36274158971099,0 -77.82544854048716,39.36278853921978,0 -77.82541354679398,39.36266141022686,0 -77.82565841610526,39.36260989543679,0 -77.82566070453487,39.36268569000754,0 
				</coordinates>
			</LineString>
		</Placemark>
		<Placemark id="034B3D011932113CE3EB">
			<name>U347-DAVIS-1. 00</name>
			<description><![CDATA[<div><span style=""><span class="size" style="font-size:12pt">Davis Streetscape</span></span><br></div><div><span style=""><span class="size" style="font-size:12pt"></span></span><br></div>]]></description>
			<LookAt>
				<longitude>-79.46672702168246</longitude>
				<latitude>39.12865882703201</latitude>
				<altitude>945.4906562614535</altitude>
				<heading>0</heading>
				<tilt>0</tilt>
				<gx:fovy>35</gx:fovy>
				<range>379.9126995281404</range>
				<altitudeMode>absolute</altitudeMode>
			</LookAt>
			<styleUrl>#__managed_style_08F7A0621B412B8C0B20</styleUrl>
			<LineString>
				<coordinates>
					-79.46873204327174,39.12768136732741,0 -79.46825359064071,39.12783496164903,0 -79.46768368942516,39.12808565585495,0 -79.46707521850746,39.12833264009434,0 -79.46668921103296,39.12847754443396,0 -79.46474890130551,39.12884912107868,0 -79.46387425422319,39.12901751927647,0 -79.46392378136196,39.12913133853625,0 -79.46506058027286,39.12890537866494,0 -79.46636240782803,39.12866828093006,0 -79.46672545528773,39.12860597646163,0 -79.46716162145904,39.12841147259007,0 
				</coordinates>
			</LineString>
		</Placemark>
		<Placemark id="0472C544A132154306D5">
			<name>S342-ALL/EG-1. 00</name>
			<description><![CDATA[<div>AHT phase 1</div>]]></description>
			<LookAt>
				<longitude>-79.83869668930126</longitude>
				<latitude>38.96802513775886</latitude>
				<altitude>584.3308547631484</altitude>
				<heading>-88.83331773501713</heading>
				<tilt>11.1749880755768</tilt>
				<gx:fovy>35</gx:fovy>
				<range>540.2202410135943</range>
				<altitudeMode>absolute</altitudeMode>
			</LookAt>
			<styleUrl>#__managed_style_08F7A0621B412B8C0B20</styleUrl>
			<LineString>
				<coordinates>
					-79.85364902086451,38.93921165216288,0 -79.8538108083557,38.94112990435138,0 -79.8543895234133,38.94305166330635,0 -79.85492358841128,38.94423560346902,0 -79.85493872278097,38.94535424353918,0 -79.85486661375559,38.9457367567761,0 -79.854649328641,38.94663579775271,0 -79.85449091740247,38.94689289306245,0 -79.85416779039068,38.94720864025596,0 -79.85383240095646,38.94736533234031,0 -79.85247703286508,38.94826208463433,0 -79.85166459174579,38.94939309334735,0 -79.85127998580013,38.94970149740873,0 -79.84994610390837,38.95001790423527,0 -79.84855567714413,38.95011814005521,0 -79.84546548070605,38.95036248679154,0 -79.84473871048922,38.95052095727322,0 -79.8445585830103,38.95060970010357,0 -79.8438901985858,38.95111840369142,0 -79.84362782074959,38.95139824699194,0 -79.84337028060351,38.95205307009016,0 -79.84315658918894,38.95256609279573,0 -79.84161789787311,38.95530419536446,0 -79.84061546086721,38.95704338841334,0 -79.84002165591015,38.95858505246388,0 -79.83993903054109,38.9592194528581,0 -79.83991579813556,38.95958144214212,0 -79.8398594772565,38.96001856951766,0 -79.83976739664935,38.96032721789665,0 -79.83941433362705,38.96095883882404,0 -79.83795627375615,38.9622200033432,0 -79.83692260577527,38.96367034061285,0 -79.83667713209869,38.96457518824608,0 -79.83687463082477,38.96512185368255,0 -79.83720870972444,38.96550325944237,0 -79.83744976752641,38.96588938834818,0 -79.83769651350669,38.96784036734341,0 -79.83824492843395,38.97009159655298,0 
				</coordinates>
			</LineString>
		</Placemark>
		<Placemark id="0C6A9D9A253211442BEA">
			<name>U313-WHI/TE-4. 00</name>
			<description><![CDATA[<div><span style=""><span class="size" style="font-size:12pt">White Sulphur Springs West End Streetscape</span></span><br></div><div><span style=""><span class="size" style="font-size:12pt"></span></span><br></div>]]></description>
			<LookAt>
				<longitude>-80.30432369073364</longitude>
				<latitude>37.78730757808994</latitude>
				<altitude>582.6770880488633</altitude>
				<heading>0</heading>
				<tilt>0</tilt>
				<gx:fovy>35</gx:fovy>
				<range>543.7141250514833</range>
				<altitudeMode>absolute</altitudeMode>
			</LookAt>
			<styleUrl>#__managed_style_08F7A0621B412B8C0B20</styleUrl>
			<LineString>
				<coordinates>
					-80.30470487722698,37.78669402178072,0 -80.30409050775228,37.78793210246242,0 -80.30336786844485,37.78937126986428,0 -80.30280120858821,37.79048910733022,0 -80.30293415287369,37.7905122454883,0 -80.30330054243136,37.78981207765126,0 -80.3037900138534,37.7888434463028,0 -80.30432876738261,37.78776900749595,0 -80.30486174362478,37.78675530781986,0 
				</coordinates>
			</LineString>
		</Placemark>
		<Placemark id="0762E81CE832114FE2A0">
			<name>U331-CAP/ER-3. 00</name>
			<description><![CDATA[<div><span style=""><span class="size" style="font-size:12pt">Caperton Trail Lighting Project</span></span><br></div><div><span style=""><span class="size" style="font-size:12pt"></span></span><br></div>]]></description>
			<LookAt>
				<longitude>-79.96412100163455</longitude>
				<latitude>39.62521944338655</latitude>
				<altitude>260.8784130627093</altitude>
				<heading>3.312440792396204</heading>
				<tilt>0</tilt>
				<gx:fovy>35</gx:fovy>
				<range>503.4524099140253</range>
				<altitudeMode>absolute</altitudeMode>
			</LookAt>
			<styleUrl>#__managed_style_08F7A0621B412B8C0B20</styleUrl>
			<LineString>
				<coordinates>
					-79.96092479989029,39.6282310198372,0 -79.96217053357513,39.62723758330949,0 -79.96263256887612,39.62684695068373,0 -79.96312226230728,39.62622740741482,0 -79.96343372891148,39.62576364761908,0 -79.96366696664765,39.62558569435591,0 -79.96470074204106,39.62409235763949,0 
				</coordinates>
			</LineString>
		</Placemark>
		<Placemark id="048F7CB1333211512702">
			<name>U331-CAP/ER-2. 00</name>
			<description><![CDATA[<div><span style=""><span class="size" style="font-size:12pt">Caperton Rail-Trail Drainage Upgrades &amp; Repairs</span></span><br></div>]]></description>
			<LookAt>
				<longitude>-79.96045023928208</longitude>
				<latitude>39.62897856078951</latitude>
				<altitude>248.3153116564454</altitude>
				<heading>3.312440792351617</heading>
				<tilt>0</tilt>
				<gx:fovy>35</gx:fovy>
				<range>716.3863595329894</range>
				<altitudeMode>absolute</altitudeMode>
			</LookAt>
			<styleUrl>#__managed_style_08F7A0621B412B8C0B20</styleUrl>
			<LineString>
				<coordinates>
					-79.96462699839712,39.62413300760246,0 -79.96367059682989,39.62557026409176,0 -79.96341413683211,39.6257692519525,0 -79.96266842984384,39.6267628773628,0 -79.9612647973339,39.62789755881818,0 -79.96034428958464,39.6286945367505,0 
				</coordinates>
			</LineString>
		</Placemark>
		<Placemark id="015718472C32157D0086">
			<name> U331-WVU-2 .00</name>
			<description><![CDATA[<div><span style=""><span class="size" style="font-size:12pt">WVU's West Run Trails Enhancement</span></span><br></div>]]></description>
			<LookAt>
				<longitude>-79.93970414390462</longitude>
				<latitude>39.66109551020231</latitude>
				<altitude>335.3044812437381</altitude>
				<heading>0</heading>
				<tilt>0</tilt>
				<gx:fovy>35</gx:fovy>
				<range>888.5052983625792</range>
				<altitudeMode>absolute</altitudeMode>
			</LookAt>
			<styleUrl>#__managed_style_08F7A0621B412B8C0B20</styleUrl>
			<LineString>
				<coordinates>
					-79.94179334832738,39.6608835717682,0 -79.94137496907501,39.66085609539046,0 -79.94106892831232,39.66125681148054,0 -79.94099933075221,39.66199945068388,0 -79.94038187167254,39.6623867844303,0 -79.93938423899939,39.66240844974683,0 -79.93932680311947,39.66192991631763,0 -79.93946303517488,39.66158311144573,0 -79.93828173423938,39.66097496222448,0 -79.93791989833639,39.66055504628337,0 -79.93790062865817,39.66013969664406,0 -79.93820536527735,39.65979672263705,0 -79.93894960499416,39.66029680366227,0 -79.93922170321513,39.66046469210072,0 -79.9396348889863,39.66028596697163,0 -79.94031298247681,39.66024318208989,0 -79.94148853453245,39.66024703475473,0 -79.94223331367257,39.66047774810601,0 -79.94242818376354,39.66053411204371,0 
				</coordinates>
			</LineString>
		</Placemark>
		<Placemark id="037042D6E33211411C30">
			<name>U331-MOR/GA-17. 00</name>
			<description><![CDATA[<div><span style=""><span class="size" style="font-size:12pt">Morgantown Walnut Street Streetscape</span></span><br></div>]]></description>
			<LookAt>
				<longitude>-79.95615378298879</longitude>
				<latitude>39.63064928297105</latitude>
				<altitude>268.530557083401</altitude>
				<heading>0</heading>
				<tilt>0</tilt>
				<gx:fovy>35</gx:fovy>
				<range>966.4259769397906</range>
				<altitudeMode>absolute</altitudeMode>
			</LookAt>
			<styleUrl>#__managed_style_08F7A0621B412B8C0B20</styleUrl>
			<LineString>
				<coordinates>
					-79.95503599240276,39.62942838330986,0 -79.95751881397571,39.63065705082247,0 -79.9576201969993,39.63055749139293,0 -79.95525884575355,39.62932435085242,0 
				</coordinates>
			</LineString>
		</Placemark>
		<Placemark id="0CAD1330313215458D45">
			<name>U352-HUN/DR-2.00</name>
			<description><![CDATA[<div><span style=""><span class="size" style="font-size:12pt">Hundred Sidewalk - Phase III</span></span><br></div>]]></description>
			<LookAt>
				<longitude>-80.45545654455238</longitude>
				<latitude>39.6846179597041</latitude>
				<altitude>316.5503741705026</altitude>
				<heading>49.8896132469271</heading>
				<tilt>44.21007891799498</tilt>
				<gx:fovy>35</gx:fovy>
				<range>196.2439457407891</range>
				<altitudeMode>absolute</altitudeMode>
			</LookAt>
			<styleUrl>#__managed_style_08F7A0621B412B8C0B20</styleUrl>
			<LineString>
				<coordinates>
					-80.45910021374053,39.68370776750709,0 -80.45908573834146,39.68366686461113,0 -80.45760445528747,39.68398909866943,0 -80.45595681167552,39.68435184734084,0 -80.45542982387872,39.68447678754485,0 
				</coordinates>
			</LineString>
		</Placemark>
		<Placemark id="0BAE8941BD321559A186">
			<name>U331-DEC/KE-1.00</name>
			<description><![CDATA[<div><span style=""><span class="size" style="font-size:12pt">Deckers Creek Rail Trail Restoration</span></span><br></div>]]></description>
			<LookAt>
				<longitude>-79.83425481009778</longitude>
				<latitude>39.56754181543049</latitude>
				<altitude>449.7112120360858</altitude>
				<heading>-46.88167685584474</heading>
				<tilt>21.59150655129267</tilt>
				<gx:fovy>35</gx:fovy>
				<range>597.2063555866772</range>
				<altitudeMode>absolute</altitudeMode>
			</LookAt>
			<styleUrl>#__managed_style_08F7A0621B412B8C0B20</styleUrl>
			<LineString>
				<coordinates>
					-79.86028143718478,39.57593025183522,0 -79.85981008867417,39.57579272242744,0 -79.85943812990759,39.57578513749885,0 -79.85794381524774,39.57580456988086,0 -79.85716838743025,39.57570115951778,0 -79.8566609720054,39.57546712112794,0 -79.85627084657,39.57516216111024,0 -79.85573536905375,39.57493214710424,0 -79.85510991186993,39.57475741143252,0 -79.85456723696578,39.57462617907862,0 -79.85420656932105,39.57444975135502,0 -79.8539729808037,39.57409631376479,0 -79.8538175287394,39.57378731595309,0 -79.85356835368469,39.57342404965613,0 -79.85342795597762,39.57328149022737,0 -79.85329200308384,39.57321071371337,0 -79.85302692167718,39.57310154049447,0 -79.85268873781099,39.57303020628081,0 -79.85156076630744,39.57283223669035,0 -79.85105292283255,39.57268639614054,0 -79.85068065763741,39.57251349463299,0 -79.85019356322481,39.57219337650025,0 -79.84994365498615,39.57201171868045,0 -79.84986654571331,39.57194190411171,0 -79.84931922698973,39.57157505040552,0 -79.8489373251563,39.57143896629451,0 -79.84870153392866,39.57141008269261,0 -79.84833603382975,39.57144620951499,0 -79.84811299132619,39.57149675826561,0 -79.84792229437107,39.57156279829591,0 -79.84693534078762,39.57203290057346,0 -79.84635327192112,39.57234261989998,0 -79.84542997633578,39.5727186386836,0 -79.84499938425152,39.57279663298662,0 -79.8447681112402,39.5727902946597,0 -79.84399334941619,39.57268685047562,0 -79.84363506108639,39.57256845833856,0 -79.84313976825067,39.57235703927097,0 -79.84290757453564,39.57222568119571,0 -79.84267725339535,39.57202424422533,0 -79.84254060469833,39.57187719291801,0 -79.84235282730837,39.57168419329288,0 -79.84182906232684,39.57114478511811,0 -79.84160049015846,39.57086565351864,0 -79.84099969815347,39.57027979891788,0 -79.84084031716104,39.57015708818093,0 -79.84005919820375,39.56982741024812,0 -79.83930655402307,39.56952212244559,0 -79.83904968457685,39.56934684154377,0 -79.83872624309622,39.56902774412769,0 -79.8382239354743,39.56831122986472,0 -79.83750505280584,39.56730179867919,0 -79.83709725829284,39.56678772511448,0 -79.83674774074301,39.56647964243054,0 -79.83616170549291,39.56622218662997,0 -79.83517509836086,39.56614210404663,0 -79.8340421028639,39.56615247083921,0 -79.83312328010302,39.56613360149659,0 
				</coordinates>
			</LineString>
		</Placemark>
		<Placemark id="07D25A771432156EB02D">
			<name>U312-PET/ER-2. 00</name>
			<description><![CDATA[<div><span style=""><span class="size" style="font-size:12pt">Petersburg River Park Hike and Bike Trail Phase 2</span></span><br></div>]]></description>
			<LookAt>
				<longitude>-79.12506009152663</longitude>
				<latitude>38.98979154513744</latitude>
				<altitude>283.3981539438117</altitude>
				<heading>60.9798960686101</heading>
				<tilt>43.28257302295334</tilt>
				<gx:fovy>35</gx:fovy>
				<range>359.2689912183778</range>
				<altitudeMode>absolute</altitudeMode>
			</LookAt>
			<styleUrl>#__managed_style_08F7A0621B412B8C0B20</styleUrl>
			<LineString>
				<coordinates>
					-79.11228092642995,38.99376838956901,0 -79.11232913512333,38.99273503883362,0 -79.11283948163955,38.99220613310189,0 -79.11361836118496,38.99195287566825,0 -79.11402446361127,38.99188564839947,0 -79.11468771172382,38.99170011146652,0 -79.11640513850843,38.99132932423228,0 -79.11804563955519,38.99105467810655,0 -79.11840190949061,38.99093390291309,0 -79.11869255119163,38.99077069153147,0 -79.11976934662374,38.99012509714026,0 -79.12025146860667,38.989759274406,0 -79.12113805009726,38.989181533493,0 -79.12163182897716,38.98891939724273,0 -79.12209856016472,38.98882129335992,0 -79.12274017310837,38.98885352619714,0 -79.12339109659439,38.98893576732582,0 -79.12379344332689,38.98898352468559,0 -79.12450200787231,38.9890838738351,0 
				</coordinates>
			</LineString>
		</Placemark>
		<Placemark id="00756E1E35321577EA1F">
			<name>U331-WVU-1 .00</name>
			<description><![CDATA[<div><span style=""><span class="size" style="font-size:12pt">WVU Campus Connector Path</span></span><br></div>]]></description>
			<LookAt>
				<longitude>-79.96512428222745</longitude>
				<latitude>39.64488731944619</latitude>
				<altitude>330.402331770317</altitude>
				<heading>0</heading>
				<tilt>0</tilt>
				<gx:fovy>35</gx:fovy>
				<range>814.4868931239762</range>
				<altitudeMode>absolute</altitudeMode>
			</LookAt>
			<styleUrl>#__managed_style_08F7A0621B412B8C0B20</styleUrl>
			<LineString>
				<coordinates>
					-79.96634715761509,39.64511120511418,0 -79.96613510818872,39.64491188103728,0 -79.96580014685581,39.64462841846005,0 -79.96549852458027,39.64448414018141,0 -79.96506159564299,39.64428260470408,0 -79.96466629035959,39.64415601897981,0 -79.96403175063533,39.64403916680786,0 -79.96354685229429,39.64396607913756,0 -79.96331176692416,39.64389527714751,0 
				</coordinates>
			</LineString>
		</Placemark>
		<Placemark id="055342831532157ABE5C">
			<name> U331-MOR/GA-21. 00 </name>
			<description><![CDATA[<div><span style=""><span class="size" style="font-size:12pt">Morgantown Municipal Airport Streetscape</span></span><br></div>]]></description>
			<LookAt>
				<longitude>-79.91992548846699</longitude>
				<latitude>39.64726827402085</latitude>
				<altitude>373.2546584522451</altitude>
				<heading>0</heading>
				<tilt>0</tilt>
				<gx:fovy>35</gx:fovy>
				<range>975.7210286766349</range>
				<altitudeMode>absolute</altitudeMode>
			</LookAt>
			<styleUrl>#__managed_style_08F7A0621B412B8C0B20</styleUrl>
			<LineString>
				<coordinates>
					-79.92073545116673,39.64834562829219,0 -79.92035943015968,39.64770701113981,0 -79.92014008868624,39.64687076123324,0 -79.91986106607709,39.64589328569997,0 
				</coordinates>
			</LineString>
		</Placemark>
		<Placemark id="0EE61B0654321625DE72">
			<name>U317- SAL/EM-1. 00</name>
			<description><![CDATA[<div><span style=""><span class="size" style="font-size:12pt">Salem Sidewalk Project</span></span><br></div>]]></description>
			<LookAt>
				<longitude>-80.54829029195405</longitude>
				<latitude>39.28494299874173</latitude>
				<altitude>318.2466223829201</altitude>
				<heading>0</heading>
				<tilt>0</tilt>
				<gx:fovy>34.99999596454932</gx:fovy>
				<range>474.5765513964579</range>
				<altitudeMode>absolute</altitudeMode>
			</LookAt>
			<styleUrl>#__managed_style_08F7A0621B412B8C0B20</styleUrl>
			<LineString>
				<coordinates>
					-80.54784789106183,39.28562116372306,0 -80.54826170948509,39.28515758856156,0 -80.54877526646675,39.28464048964401,0 -80.54916950952614,39.28408465171292,0 -80.54932412291922,39.28384325958288,0 
				</coordinates>
			</LineString>
		</Placemark>
		<Placemark id="0425D4E312321627A40E">
			<name>U317 -SAL/EM-1.00</name>
			<description><![CDATA[<div><span style=""><span class="size" style="font-size:12pt">Salem Main Street Sidewalk Replacement</span></span><br></div>]]></description>
			<LookAt>
				<longitude>-80.54912718071893</longitude>
				<latitude>39.28487645188816</latitude>
				<altitude>328.6691693745876</altitude>
				<heading>0</heading>
				<tilt>0</tilt>
				<gx:fovy>34.99999596454932</gx:fovy>
				<range>464.154048516357</range>
				<altitudeMode>absolute</altitudeMode>
			</LookAt>
			<styleUrl>#__managed_style_08F7A0621B412B8C0B20</styleUrl>
			<LineString>
				<coordinates>
					-80.54784582271608,39.28563917360545,0 -80.54849399149374,39.28495371712786,0 -80.54887059096538,39.28451234526081,0 -80.54934178899452,39.28379891669079,0 
				</coordinates>
			</LineString>
		</Placemark>
		<Placemark id="0BDE8D94C832162A3A52">
			<name>U319- BOL/IV- 2.00</name>
			<description><![CDATA[<div><span style=""><span class="size" style="font-size:12pt">Bolivar West Washington Street</span></span><br></div>]]></description>
			<LookAt>
				<longitude>-77.74911974359267</longitude>
				<latitude>39.32584232634591</latitude>
				<altitude>152.5305045221685</altitude>
				<heading>-31.58287367568746</heading>
				<tilt>37.14856574492873</tilt>
				<gx:fovy>35</gx:fovy>
				<range>116.705250541072</range>
				<altitudeMode>absolute</altitudeMode>
			</LookAt>
			<styleUrl>#__managed_style_08F7A0621B412B8C0B20</styleUrl>
			<LineString>
				<coordinates>
					-77.75492606141155,39.32268236215709,0 -77.75406301407601,39.32311399166753,0 -77.75320267576093,39.32355289957269,0 -77.75240339886888,39.32396958561785,0 -77.75155835669813,39.32439921811941,0 -77.75084017580103,39.32474679369513,0 -77.75051321584461,39.32492494742325,0 -77.74983484659602,39.32528061515976,0 -77.74935116921259,39.32552926691948,0 -77.74893165859928,39.32574303199625,0 -77.74882047806247,39.32579513790834,0 -77.74852721223564,39.32587713645575,0 
				</coordinates>
			</LineString>
		</Placemark>
		<Placemark id="05E9BEE72332162CD206">
			<name>U340- ELE/PK-1. 00</name>
			<description><![CDATA[<div><span style=""><span class="size" style="font-size:12pt">Eleanor Park Sidewalk - Phase I</span></span><br></div>]]></description>
			<LookAt>
				<longitude>-81.93021344866183</longitude>
				<latitude>38.54183109479023</latitude>
				<altitude>172.0295202609732</altitude>
				<heading>17.83342675620617</heading>
				<tilt>41.75053354676555</tilt>
				<gx:fovy>35</gx:fovy>
				<range>194.8631170813314</range>
				<altitudeMode>absolute</altitudeMode>
			</LookAt>
			<styleUrl>#__managed_style_08F7A0621B412B8C0B20</styleUrl>
			<LineString>
				<coordinates>
					-81.92640022839332,38.5405399247033,0 -81.9268919874478,38.54051123368752,0 -81.92753878535808,38.54055505026433,0 -81.9276707955057,38.54065619851977,0 -81.92813168125598,38.54075218662958,0 -81.92906621699946,38.5403131739061,0 -81.92947642552539,38.54033158774639,0 -81.9295776013761,38.54058011996544,0 -81.92970306492624,38.54074542085955,0 -81.93009455235551,38.54095350081437,0 -81.93028482679838,38.54095270911684,0 -81.93043814913769,38.54103393192928,0 -81.93053260118228,38.54122513672224,0 -81.9305999843628,38.5415083536956,0 -81.93045619626955,38.54166484740694,0 -81.93027436039273,38.54200436894126,0 -81.93027682788016,38.54218353453225,0 -81.93050249571102,38.54229333512389,0 
				</coordinates>
			</LineString>
		</Placemark>
		<Placemark id="0C65D478B732162F5C66">
			<name>U354- PAR/KE-11. 00</name>
			<description><![CDATA[<div><span style=""><span class="size" style="font-size:12pt">Parkersburg St. Mary's Avenue - Phase I</span></span><br></div>]]></description>
			<LookAt>
				<longitude>-81.54653012713906</longitude>
				<latitude>39.27225073191244</latitude>
				<altitude>204.7356079178168</altitude>
				<heading>38.39567651227347</heading>
				<tilt>38.15060928689076</tilt>
				<gx:fovy>35</gx:fovy>
				<range>534.9659719491319</range>
				<altitudeMode>absolute</altitudeMode>
			</LookAt>
			<styleUrl>#__managed_style_08F7A0621B412B8C0B20</styleUrl>
			<LineString>
				<coordinates>
					-81.54662669339585,39.2725308974341,0 -81.54599968149775,39.27304924312586,0 -81.54491663257258,39.27469739819763,0 -81.54405111318387,39.27536311429599,0 -81.5438859965288,39.27564243747604,0 -81.54355849611579,39.27559389606727,0 -81.54486938648429,39.27455910250038,0 -81.54589816303073,39.27292537046993,0 -81.54616626863805,39.27272677060512,0 
				</coordinates>
			</LineString>
		</Placemark>
		<Placemark id="037EDBC516321632C55B">
			<name>U335-WHE/EL-18. 00</name>
			<description><![CDATA[<div><span style=""><span class="size" style="font-size:12pt">Wheeling Robrecht Riverfront Park Pedestrian Improvements</span></span><br></div>]]></description>
			<LookAt>
				<longitude>-80.72413234896447</longitude>
				<latitude>40.0632205573635</latitude>
				<altitude>199.0662006428377</altitude>
				<heading>-0.0004785377451937436</heading>
				<tilt>0.6240830340780908</tilt>
				<gx:fovy>35</gx:fovy>
				<range>343.5799351461537</range>
				<altitudeMode>absolute</altitudeMode>
			</LookAt>
			<styleUrl>#__managed_style_08F7A0621B412B8C0B20</styleUrl>
			<LineString>
				<coordinates>
					-80.72509913798173,40.0636327447498,0 -80.72549750026177,40.06260499270459,0 -80.72373758776544,40.06301330709729,0 -80.72366277869745,40.06313231213525,0 -80.72470618536427,40.06353354311222,0 
				</coordinates>
			</LineString>
		</Placemark>
		<Placemark id="00B8A06628321635825F">
			<name>U331 - MOR/GA- 21.00</name>
			<description><![CDATA[<div><span style=""><span class="size" style="font-size:12pt">Morgantown Municipal Airport Streetscape</span></span><br></div>]]></description>
			<LookAt>
				<longitude>-79.92038009948362</longitude>
				<latitude>39.64698092883901</latitude>
				<altitude>382.5436320687814</altitude>
				<heading>-36.15065624820863</heading>
				<tilt>44.9981379802928</tilt>
				<gx:fovy>35</gx:fovy>
				<range>498.2826463768288</range>
				<altitudeMode>absolute</altitudeMode>
			</LookAt>
			<styleUrl>#__managed_style_08F7A0621B412B8C0B20</styleUrl>
			<LineString>
				<coordinates>
					-79.92071072005341,39.64830336408916,0 -79.92036799384682,39.64772439320625,0 -79.91994939704924,39.64569842591217,0 
				</coordinates>
			</LineString>
		</Placemark>
		<Placemark id="0266F9EC2D3216446167">
			<name>U335-HER/IT-1.00</name>
			<description><![CDATA[<div><span style=""><span class="size" style="font-size:12pt">Wheeling Heritage Trail Connector</span></span><br></div>]]></description>
			<LookAt>
				<longitude>-80.72390339372708</longitude>
				<latitude>40.06678806880031</latitude>
				<altitude>199.3237956206013</altitude>
				<heading>31.99123913512224</heading>
				<tilt>10.91655363354485</tilt>
				<gx:fovy>35</gx:fovy>
				<range>1275.790745891864</range>
				<altitudeMode>absolute</altitudeMode>
			</LookAt>
			<styleUrl>#__managed_style_08F7A0621B412B8C0B20</styleUrl>
			<LineString>
				<coordinates>
					-80.70012861430727,40.07226772722988,0 -80.70081256613436,40.0726178612994,0 -80.70187422697029,40.07289509417208,0 -80.70372458495596,40.07315558235168,0 -80.70610054950399,40.0734302662155,0 -80.7069942418574,40.07363520935504,0 -80.70782585497125,40.07379575859022,0 -80.70853122711772,40.07383199693511,0 -80.70890025728752,40.07378860640794,0 -80.71071164823083,40.07330165241999,0 -80.71107191810817,40.07291336721415,0 -80.71162010850399,40.07239285012619,0 -80.71189808543858,40.07199590569137,0 -80.71196308216884,40.07181714839214,0 -80.71217548779357,40.07088329608762,0 -80.71206008475377,40.0702878758043,0 -80.7116607280018,40.06936254142728,0 -80.71143431748897,40.06894908855246,0 -80.71125090027802,40.0682646237254,0 -80.7112488813906,40.06795605514083,0 -80.71160497245793,40.06670219345524,0 -80.71174756299824,40.06630272354007,0 -80.71213304529309,40.06519417655294,0 -80.71250418709599,40.06452575971,0 -80.71293588683348,40.06415662724388,0 -80.71328001429011,40.06400965711263,0 -80.71385949073678,40.06381261513254,0 -80.71448217492603,40.06381454176002,0 -80.71505845197689,40.06377369259788,0 -80.71550278480186,40.06373855983473,0 -80.71703997170771,40.06361411530364,0 -80.71946313052915,40.06328474525142,0 -80.72047640363283,40.06319880060396,0 -80.72073401435655,40.06307735042522,0 -80.72076753534674,40.06283498400607,0 -80.72085563463347,40.06246000612646,0 -80.72141933221204,40.0625168075543,0 -80.72183264318922,40.06274522354043,0 -80.72195127141867,40.06291232387763,0 -80.722052099991,40.06323660887547,0 -80.7228568097007,40.0637571911556,0 
				</coordinates>
			</LineString>
		</Placemark>
		<Placemark id="0096F8DE663216504139">
			<name>U317-CLA/RK-2. 00</name>
			<description><![CDATA[<div><span style=""><span class="size" style="font-size:12pt">Harrison County Connection (Clarksburg Connector)</span></span><br></div>]]></description>
			<LookAt>
				<longitude>-80.36261684940854</longitude>
				<latitude>39.2923285417686</latitude>
				<altitude>293.4055488203832</altitude>
				<heading>0</heading>
				<tilt>0</tilt>
				<gx:fovy>35</gx:fovy>
				<range>358.9542857742708</range>
				<altitudeMode>absolute</altitudeMode>
			</LookAt>
			<styleUrl>#__managed_style_08F7A0621B412B8C0B20</styleUrl>
			<LineString>
				<coordinates>
					-80.37722008897924,39.28933896755573,0 -80.37601560190707,39.29000522402306,0 -80.37506802281744,39.29030879889012,0 -80.37389611720565,39.2905161188835,0 -80.37207047264882,39.29083323010822,0 -80.3707819880228,39.29105274909325,0 -80.36921157786777,39.29132273144,0 -80.36723586138265,39.29161878893562,0 -80.36693452922911,39.29161750669452,0 -80.36539617369877,39.29156345277809,0 -80.36443695562575,39.29159795575109,0 -80.36346998290377,39.29183168079328,0 -80.36197201900823,39.29275423202289,0 
				</coordinates>
			</LineString>
		</Placemark>
	</Folder>
	<Folder id="0C5A1F188F30A78F8753">
		<name>Sharonnia</name>
		<styleUrl>#__managed_style_0BC0EAB5AE412B8C0B23</styleUrl>
		<Placemark id="03619FF00D30B2D6134E">
			<name>U347 -THO/RV-1. 00</name>
			<description><![CDATA[<div><span style="color: rgb(0, 0, 0); font-style: normal; font-variant-ligatures: normal; font-variant-caps: normal; font-weight: 400; letter-spacing: normal; orphans: 2; text-align: center; text-indent: 0px; text-transform: none; widows: 2; word-spacing: 0px; white-space: pre-wrap; background-color: rgb(118, 146, 60); text-decoration-thickness: initial; text-decoration-style: initial; text-decoration-color: initial; float: none; display: inline;"><span class="font" style="font-family: &quot;Times New Roman&quot;;"><span class="size" style="font-size: 16px;">Thomas Riverfront Trails Connector Ridge</span></span></span><br></div>]]></description>
			<LookAt>
				<longitude>-79.4987000342914</longitude>
				<latitude>39.14999328413487</latitude>
				<altitude>905.7592838948649</altitude>
				<heading>0</heading>
				<tilt>0</tilt>
				<gx:fovy>35</gx:fovy>
				<range>280.2435291900838</range>
				<altitudeMode>absolute</altitudeMode>
			</LookAt>
			<styleUrl>#__managed_style_08F7A0621B412B8C0B20</styleUrl>
			<LineString>
				<coordinates>
					-79.49932963357902,39.15041634135658,0 -79.49890713351618,39.15035285505377,0 -79.49858537172192,39.15029623203375,0 
				</coordinates>
			</LineString>
		</Placemark>
		<Placemark id="00AAF79AD23142C5746B">
			<name>U310-FOX/BR-1. 00</name>
			<description><![CDATA[<div>Fox Branch Creek Trestle Improvements&nbsp;<br></div>]]></description>
			<LookAt>
				<longitude>-81.11708827573472</longitude>
				<latitude>38.1184093097302</latitude>
				<altitude>251.9914974342283</altitude>
				<heading>0</heading>
				<tilt>0</tilt>
				<gx:fovy>34.99990288279531</gx:fovy>
				<range>1311.922120113013</range>
				<altitudeMode>absolute</altitudeMode>
			</LookAt>
			<styleUrl>#__managed_style_08F7A0621B412B8C0B20</styleUrl>
			<LineString>
				<coordinates>
					-81.11016724785323,38.11985339691648,0 -81.10948030686303,38.1202386871941,0 
				</coordinates>
			</LineString>
		</Placemark>
		<Placemark id="080CFDB31F311EF7A54E">
			<name>U355-FAL/LS-1. 00</name>
			<description><![CDATA[<div>Falls Trail, Twin Falls State Park<br></div>]]></description>
			<LookAt>
				<longitude>-81.45630774832671</longitude>
				<latitude>37.62101618385327</latitude>
				<altitude>597.5339187417843</altitude>
				<heading>0</heading>
				<tilt>0</tilt>
				<gx:fovy>35</gx:fovy>
				<range>314.3314503636794</range>
				<altitudeMode>absolute</altitudeMode>
			</LookAt>
			<styleUrl>#__managed_style_08F7A0621B412B8C0B20</styleUrl>
			<LineString>
				<coordinates>
					-81.45589140635271,37.61998408879628,0 -81.45594902698846,37.62010163727895,0 -81.45602541501121,37.62016825396718,0 -81.4560921950446,37.62024399650266,0 -81.45610383611226,37.6205072162626,0 -81.45622436398882,37.62070741405845,0 -81.45647679474622,37.6208725028524,0 -81.45665353579631,37.62098052639477,0 -81.4567685992332,37.62102084941675,0 
				</coordinates>
			</LineString>
		</Placemark>
		<Placemark id="0D6BD0B19630B2E50092">
			<name>U331-MON/ON-6.04</name>
			<description><![CDATA[<div><span style="color: rgb(0, 0, 0); font-style: normal; font-variant-ligatures: normal; font-variant-caps: normal; font-weight: 400; letter-spacing: normal; orphans: 2; text-align: center; text-indent: 0px; text-transform: none; widows: 2; word-spacing: 0px; white-space: pre-wrap; background-color: rgb(118, 146, 60); text-decoration-thickness: initial; text-decoration-style: initial; text-decoration-color: initial; float: none; display: inline;"><span class="font" style="font-family:&quot;Times New Roman&quot;"><span class="size" style="font-size:16px">Westover Dunkard Avenue Sidewalks, Phase V</span></span></span><br></div>]]></description>
			<LookAt>
				<longitude>-79.97307742719626</longitude>
				<latitude>39.63623128276973</latitude>
				<altitude>275.1807469215149</altitude>
				<heading>0</heading>
				<tilt>0</tilt>
				<gx:fovy>35</gx:fovy>
				<range>277.8933206150032</range>
				<altitudeMode>absolute</altitudeMode>
			</LookAt>
			<styleUrl>#__managed_style_08F7A0621B412B8C0B20</styleUrl>
			<LineString>
				<coordinates>
					-79.97043206547657,39.63468325176045,0 -79.97028212646227,39.63476305111239,0 -79.97034594745239,39.6348416982553,0 -79.97046534723644,39.6349217966619,0 -79.97083475944582,39.63510689944213,0 -79.97116194164376,39.63527037901483,0 -79.97171336119635,39.63552710882006,0 -79.97205916447729,39.63567609429104,0 -79.9724865244327,39.63589490337426,0 -79.97283839382852,39.63608709308247,0 -79.97303504643442,39.63617314630354,0 -79.97312516910041,39.63623230403259,0 -79.97318894922701,39.63631614451524,0 -79.97330103848847,39.63643321324771,0 -79.97340850059449,39.63657979844479,0 
				</coordinates>
			</LineString>
		</Placemark>
		<Placemark id="055B26053B31DD7B8627">
			<name>U228-WAL/K- 1. 00</name>
			<description><![CDATA[<div><span style="color: rgb(0, 0, 0); font-style: normal; font-variant-ligatures: normal; font-variant-caps: normal; font-weight: 400; letter-spacing: normal; orphans: 2; text-align: center; text-indent: 0px; text-transform: none; widows: 2; word-spacing: 0px; white-space: pre-wrap; background-color: rgb(155, 187, 89); text-decoration-thickness: initial; text-decoration-style: initial; text-decoration-color: initial; float: none; display: inline;"><span class="font" style="font-family: &quot;Times New Roman&quot;;"><span class="size" style="font-size: 16px;">Mercer County Courthouse Sidewalk Project</span></span></span><br></div>]]></description>
			<LookAt>
				<longitude>-81.10315023077854</longitude>
				<latitude>37.36554360849645</latitude>
				<altitude>764.6855983650199</altitude>
				<heading>283.0043765032055</heading>
				<tilt>0</tilt>
				<gx:fovy>35</gx:fovy>
				<range>207.4234753711789</range>
				<altitudeMode>absolute</altitudeMode>
			</LookAt>
			<styleUrl>#__managed_style_08F7A0621B412B8C0B20</styleUrl>
			<LineString>
				<coordinates>
					-81.1029111457506,37.36524480620221,0 -81.10283022647889,37.365422116452,0 -81.10266749688235,37.36580872826347,0 -81.10269924498678,37.36588901511041,0 -81.10278632222489,37.3659475832836,0 -81.10297422478475,37.36599023827257,0 -81.10308577036322,37.36598334795734,0 -81.10314077837657,37.3659468631632,0 -81.10324082256699,37.36573118224438,0 -81.10333152990471,37.36549666379901,0 -81.10338649825607,37.36539643708911,0 -81.10339722370759,37.36530886119583,0 -81.10337562181269,37.36525947435437,0 -81.10331097143271,37.3652214846329,0 -81.10316719026673,37.36517655601578,0 -81.10298269840447,37.36520040116654,0 
				</coordinates>
			</LineString>
		</Placemark>
		<Placemark id="0164A53C4830B2F9ACD0">
			<name>U310-ANS/TE-1. 00</name>
			<description><![CDATA[<div><span style="color: rgb(0, 0, 0); font-style: normal; font-variant-ligatures: normal; font-variant-caps: normal; font-weight: 400; letter-spacing: normal; orphans: 2; text-align: center; text-indent: 0px; text-transform: none; widows: 2; word-spacing: 0px; white-space: pre-wrap; background-color: rgb(118, 146, 60); text-decoration-thickness: initial; text-decoration-style: initial; text-decoration-color: initial; float: none; display: inline;"><span class="font" style="font-family:&quot;Times New Roman&quot;"><span class="size" style="font-size:16px">Rich Creek Road Sidewalk Improvements</span></span></span><br></div>]]></description>
			<LookAt>
				<longitude>-81.10027983254967</longitude>
				<latitude>38.13878517781013</latitude>
				<altitude>393.8514644522639</altitude>
				<heading>0</heading>
				<tilt>0</tilt>
				<gx:fovy>35</gx:fovy>
				<range>174.9103561860829</range>
				<altitudeMode>absolute</altitudeMode>
			</LookAt>
			<styleUrl>#__managed_style_08F7A0621B412B8C0B20</styleUrl>
			<LineString>
				<coordinates>
					-81.09969709447044,38.13651268335217,0 -81.09982852483388,38.13665500845065,0 -81.09989978172202,38.13678253266063,0 -81.09987738879946,38.13690824228982,0 -81.09986699871529,38.13705290672274,0 -81.09984252714568,38.13716241810692,0 -81.09982478590018,38.13727180018985,0 -81.09984042068527,38.13741015006988,0 -81.09992210565318,38.13764335172206,0 -81.09994203629709,38.13769948575981,0 -81.09993955297159,38.13782117702968,0 -81.09991322711117,38.13812067688917,0 -81.09993256064026,38.13832894896768,0 -81.09999910057475,38.13848678123618,0 -81.10010716672075,38.13859933192715,0 -81.10030850072376,38.13874454679421,0 -81.10041317624668,38.13880757937702,0 
				</coordinates>
			</LineString>
		</Placemark>
		<Placemark id="0BC810F9D630B31C1FBC">
			<name>U320-NIT/RO-6.00</name>
			<description><![CDATA[<div><span style="color: rgb(0, 0, 0); font-style: normal; font-variant-ligatures: normal; font-variant-caps: normal; font-weight: 400; letter-spacing: normal; orphans: 2; text-align: center; text-indent: 0px; text-transform: none; widows: 2; word-spacing: 0px; white-space: pre-wrap; background-color: rgb(155, 187, 89); text-decoration-thickness: initial; text-decoration-style: initial; text-decoration-color: initial; float: none; display: inline;"><span class="font" style="font-family: &quot;Times New Roman&quot;;"><span class="size" style="font-size: 16px;">Nitro Second Avenue Streetscape</span></span></span><br></div>]]></description>
			<LookAt>
				<longitude>-81.84113259453771</longitude>
				<latitude>38.42185264270018</latitude>
				<altitude>188.544771306868</altitude>
				<heading>110.625743339104</heading>
				<tilt>0</tilt>
				<gx:fovy>35</gx:fovy>
				<range>429.3068523653346</range>
				<altitudeMode>absolute</altitudeMode>
			</LookAt>
			<styleUrl>#__managed_style_08F7A0621B412B8C0B20</styleUrl>
			<LineString>
				<coordinates>
					-81.84244322556111,38.42161773136809,0 -81.84170156619328,38.4214313368853,0 -81.84092408972514,38.42117213518975,0 -81.8412275523702,38.4205042966321,0 -81.84055800903802,38.42187139600797,0 
				</coordinates>
			</LineString>
		</Placemark>
		<Placemark id="03D933A3F430B6EF2FA0">
			<name>U320-EL/KR-2. 00</name>
			<description><![CDATA[<div><span style="color: rgb(0, 0, 0); font-style: normal; font-variant-ligatures: normal; font-variant-caps: normal; font-weight: 400; letter-spacing: normal; orphans: 2; text-align: center; text-indent: 0px; text-transform: none; widows: 2; word-spacing: 0px; white-space: pre-wrap; background-color: rgb(118, 146, 60); text-decoration-thickness: initial; text-decoration-style: initial; text-decoration-color: initial; float: none; display: inline;"><span class="font" style="font-family:&quot;Times New Roman&quot;"><span class="size" style="font-size:16px">Elk River Trailhead Clendenin</span></span></span><br></div>]]></description>
			<LookAt>
				<longitude>-81.34944267470182</longitude>
				<latitude>38.4884329134685</latitude>
				<altitude>189.486145200389</altitude>
				<heading>-123.7581310274125</heading>
				<tilt>31.80947927594197</tilt>
				<gx:fovy>57.27724973841062</gx:fovy>
				<range>162.839103186725</range>
				<altitudeMode>absolute</altitudeMode>
			</LookAt>
			<styleUrl>#__managed_style_08F7A0621B412B8C0B20</styleUrl>
			<LineString>
				<coordinates>
					-81.34967215461067,38.48811304325057,0 -81.34928013882792,38.48830220011039,0 
				</coordinates>
			</LineString>
		</Placemark>
		<Placemark id="081797833230A8B3E921">
			<name>U306-BAR/BO-3. 00</name>
			<description><![CDATA[<div><span style="color: rgb(0, 0, 0); font-style: normal; font-variant-ligatures: normal; font-variant-caps: normal; font-weight: 400; letter-spacing: normal; orphans: 2; text-align: center; text-indent: 0px; text-transform: none; widows: 2; word-spacing: 0px; white-space: pre-wrap; background-color: rgb(118, 146, 60); text-decoration-thickness: initial; text-decoration-style: initial; text-decoration-color: initial; float: none; display: inline;"><span class="font" style="font-family:&quot;Times New Roman&quot;"><span class="size" style="font-size:16px">Barboursville Pedestrian/Bicycle Path</span></span></span><br></div>]]></description>
			<LookAt>
				<longitude>-82.29921375732314</longitude>
				<latitude>38.39425246006805</latitude>
				<altitude>198.7305809971982</altitude>
				<heading>0</heading>
				<tilt>0</tilt>
				<gx:fovy>35</gx:fovy>
				<range>654.6290897764993</range>
				<altitudeMode>absolute</altitudeMode>
			</LookAt>
			<styleUrl>#__managed_style_08F7A0621B412B8C0B20</styleUrl>
			<LineString>
				<coordinates>
					-82.29776433636644,38.3953182234597,0 -82.29746930379505,38.39453538951418,0 -82.29753834615472,38.39439262645023,0 -82.29771025186399,38.39432518287121,0 -82.29827455207378,38.39440900862864,0 -82.29855422533593,38.39438239554878,0 -82.29892134407592,38.39429067370416,0 -82.2987767434097,38.39416845950622,0 -82.29930767178112,38.39394655917091,0 -82.29999339481019,38.39355006369975,0 -82.30048948123562,38.39300894048313,0 -82.30079578553423,38.39269723947717,0 
				</coordinates>
			</LineString>
		</Placemark>
		<Placemark id="0740E12C0830BBF26263">
			<name>U341-WWH/BW-1. 00</name>
			<description><![CDATA[<div><span style="color: rgb(0, 0, 0); font-style: normal; font-variant-ligatures: normal; font-variant-caps: normal; font-weight: 400; letter-spacing: normal; orphans: 2; text-align: center; text-indent: 0px; text-transform: none; widows: 2; word-spacing: 0px; white-space: pre-wrap; background-color: rgb(155, 187, 89); text-decoration-thickness: initial; text-decoration-style: initial; text-decoration-color: initial; float: none; display: inline;"><span class="font" style="font-family:&quot;Times New Roman&quot;"><span class="size" style="font-size:16px">Woodrow Wilson Boardwalk</span></span></span><br></div>]]></description>
			<LookAt>
				<longitude>-81.16615556814354</longitude>
				<latitude>37.80055210306773</latitude>
				<altitude>726.3340476701342</altitude>
				<heading>0</heading>
				<tilt>0</tilt>
				<gx:fovy>34.9999922178949</gx:fovy>
				<range>343.0062200292014</range>
				<altitudeMode>absolute</altitudeMode>
			</LookAt>
			<styleUrl>#__managed_style_08F7A0621B412B8C0B20</styleUrl>
			<LineString>
				<coordinates>
					-81.16628682542975,37.80111863044584,0 -81.16657586978226,37.80056896677279,0 
				</coordinates>
			</LineString>
		</Placemark>
		<Placemark id="0CBC4E5C5C30A8C8C1F4">
			<name>U349-BUC/KH-14. 00</name>
			<description><![CDATA[<div><span style="color: rgb(0, 0, 0); font-style: normal; font-variant-ligatures: normal; font-variant-caps: normal; font-weight: 400; letter-spacing: normal; orphans: 2; text-align: center; text-indent: 0px; text-transform: none; widows: 2; word-spacing: 0px; white-space: pre-wrap; background-color: rgb(155, 187, 89); text-decoration-thickness: initial; text-decoration-style: initial; text-decoration-color: initial; float: none; display: inline;"><span class="font" style="font-family:&quot;Times New Roman&quot;"><span class="size" style="font-size:16px">Buckhannon Gateway West Phase II South</span></span></span><br></div>]]></description>
			<LookAt>
				<longitude>-80.23241960367892</longitude>
				<latitude>39.00152465777177</latitude>
				<altitude>432.3491551467267</altitude>
				<heading>0</heading>
				<tilt>0</tilt>
				<gx:fovy>35</gx:fovy>
				<range>403.8844097971742</range>
				<altitudeMode>absolute</altitudeMode>
			</LookAt>
			<styleUrl>#__managed_style_08F7A0621B412B8C0B20</styleUrl>
			<LineString>
				<coordinates>
					-80.23213492096986,38.99385008372739,0 -80.23248545464602,38.99483641749118,0 -80.23300252770477,38.99611677061646,0 -80.23305130620014,38.99650249860117,0 -80.23265924580843,38.99759394026646,0 -80.23238455246418,38.99855074397266,0 -80.23238298520565,38.99922716286589,0 -80.23252922892969,39.00058226681547,0 -80.23266748678699,39.00199404675828,0 
				</coordinates>
			</LineString>
		</Placemark>
		<Placemark id="0A3BE9A86B30B1EA860A">
			<name>U308-CLA/Y-6. 00</name>
			<description><![CDATA[<div><span style="color: rgb(0, 0, 0); font-style: normal; font-variant-ligatures: normal; font-variant-caps: normal; font-weight: 400; letter-spacing: normal; orphans: 2; text-align: center; text-indent: 0px; text-transform: none; widows: 2; word-spacing: 0px; white-space: pre-wrap; background-color: rgb(118, 146, 60); text-decoration-thickness: initial; text-decoration-style: initial; text-decoration-color: initial; float: none; display: inline;"><span class="font" style="font-family:&quot;Times New Roman&quot;"><span class="size" style="font-size:16px">RIC - Clay Streetscape</span></span></span><br></div>]]></description>
			<LookAt>
				<longitude>-81.0842904120812</longitude>
				<latitude>38.45983129052006</latitude>
				<altitude>216.0373755579065</altitude>
				<heading>0</heading>
				<tilt>0</tilt>
				<gx:fovy>35</gx:fovy>
				<range>352.4677332846477</range>
				<altitudeMode>absolute</altitudeMode>
			</LookAt>
			<styleUrl>#__managed_style_08F7A0621B412B8C0B20</styleUrl>
			<LineString>
				<coordinates>
					-81.08770937052807,38.46115763695943,0 -81.08723772206649,38.4611784715833,0 -81.08675869311035,38.46102059010794,0 -81.08602607861559,38.46076816400395,0 -81.08552662369182,38.46058466329389,0 -81.08507117741706,38.46042427288496,0 -81.08442754001544,38.46019413657755,0 -81.0836579852533,38.45993952995008,0 -81.08294939362864,38.459684427664,0 -81.08246635536355,38.45952724014388,0 -81.08222811070036,38.4595173395973,0 
				</coordinates>
			</LineString>
		</Placemark>
		<Placemark id="07A1FB43ED30B2B2C861">
			<name>U306 BAR/BO 4 00</name>
			<description><![CDATA[<div>Barboursville Park Equestrian Trail <br></div>]]></description>
			<LookAt>
				<longitude>-82.3083439611992</longitude>
				<latitude>38.39187611271159</latitude>
				<altitude>176.7594126658433</altitude>
				<heading>179.998922656395</heading>
				<tilt>0</tilt>
				<gx:fovy>35</gx:fovy>
				<range>1478.582502517384</range>
				<altitudeMode>absolute</altitudeMode>
			</LookAt>
			<styleUrl>#__managed_style_08F7A0621B412B8C0B20</styleUrl>
			<LineString>
				<coordinates>
					-82.30410734290474,38.39237905169359,0 -82.30518888224935,38.39268786671683,0 -82.30594841766224,38.39293759395584,0 -82.30658089151531,38.39304007804483,0 -82.30715179638611,38.39301758361762,0 -82.30795037548451,38.39293459309906,0 -82.30877997898939,38.39272507275162,0 -82.3097637763712,38.39245923563853,0 -82.31049803196838,38.39227676687632,0 -82.3123327188794,38.39150660766177,0 -82.31352796713776,38.39110938476134,0 -82.31386301240896,38.3909259422748,0 -82.31404124157777,38.39091516439243,0 -82.31515298565,38.39148149546782,0 -82.31495671266718,38.39192441919266,0 -82.3148357106117,38.39223772869245,0 
				</coordinates>
			</LineString>
		</Placemark>
		<Placemark id="09FCB8A7F530A89806AB">
			<name>U310-TRA/IL- 22. 00</name>
			<description><![CDATA[<div><span style="color: rgb(0, 0, 0); font-style: normal; font-variant-ligatures: normal; font-variant-caps: normal; font-weight: 400; letter-spacing: normal; orphans: 2; text-align: center; text-indent: 0px; text-transform: none; widows: 2; word-spacing: 0px; white-space: pre-wrap; background-color: rgb(155, 187, 89); text-decoration-thickness: initial; text-decoration-style: initial; text-decoration-color: initial; float: none; display: inline;"><span class="font" style="font-family: &quot;Times New Roman&quot;;"><span class="size" style="font-size: 16px;">Babcock State Park Narrow Gauge Rec Trail Phase 3</span></span></span><br></div>]]></description>
			<LookAt>
				<longitude>-80.94390439785852</longitude>
				<latitude>37.98309732372797</latitude>
				<altitude>658.7022289533496</altitude>
				<heading>0</heading>
				<tilt>0</tilt>
				<gx:fovy>34.99999542484647</gx:fovy>
				<range>129.716957812052</range>
				<altitudeMode>absolute</altitudeMode>
			</LookAt>
			<styleUrl>#__managed_style_08F7A0621B412B8C0B20</styleUrl>
			<LineString>
				<coordinates>
					-80.94389807361814,37.98303439046786,0 -80.94386068502303,37.98301201841725,0 -80.94378157687734,37.9830909655803,0 
				</coordinates>
			</LineString>
		</Placemark>
		<Placemark id="008BAA8AF331DD7DA5C9">
			<name>U339-CHE/AT-1. 00</name>
			<description><![CDATA[<div><span style="color: rgb(0, 0, 0); font-style: normal; font-variant-ligatures: normal; font-variant-caps: normal; font-weight: 400; letter-spacing: normal; orphans: 2; text-align: center; text-indent: 0px; text-transform: none; widows: 2; word-spacing: 0px; white-space: pre-wrap; background-color: rgb(155, 187, 89); text-decoration-thickness: initial; text-decoration-style: initial; text-decoration-color: initial; float: none; display: inline;"><span class="font" style="font-family: &quot;Times New Roman&quot;;"><span class="size" style="font-size: 16px;">Cheat River Rail Trail</span></span></span><br></div>]]></description>
			<LookAt>
				<longitude>-79.68465804430939</longitude>
				<latitude>39.43158967473053</latitude>
				<altitude>386.1464640548679</altitude>
				<heading>0</heading>
				<tilt>0</tilt>
				<gx:fovy>35</gx:fovy>
				<range>424.9546091127559</range>
				<altitudeMode>absolute</altitudeMode>
			</LookAt>
			<styleUrl>#__managed_style_08F7A0621B412B8C0B20</styleUrl>
			<LineString>
				<coordinates>
					-79.68546537031736,39.43139589320818,0 -79.68538850014963,39.43142811837434,0 -79.68538913446488,39.43122150705916,0 -79.68540407176631,39.43111031334028,0 -79.68549719567055,39.43113770354086,0 -79.68551276077204,39.4312819215059,0 -79.68549373186461,39.43133644676588,0 -79.68548113085103,39.43136368522477,0 
				</coordinates>
			</LineString>
		</Placemark>
		<Placemark id="0E67C739E9321508F229">
			<name>U335-BET/HL-1.00</name>
			<description><![CDATA[<div><span style=""><span class="size" style="font-size:12pt">Village of Bethlehem Community Park Rehabilitation and Expansion Part 2</span></span><br></div>]]></description>
			<LookAt>
				<longitude>-80.69437989765704</longitude>
				<latitude>40.05277006456477</latitude>
				<altitude>330.5682778405552</altitude>
				<heading>-88.83002630915894</heading>
				<tilt>44.95159250016385</tilt>
				<gx:fovy>35</gx:fovy>
				<range>1277.940792718873</range>
				<altitudeMode>absolute</altitudeMode>
			</LookAt>
			<styleUrl>#__managed_style_08F7A0621B412B8C0B20</styleUrl>
			<LineString>
				<coordinates>
					-80.69515429543939,40.05154309592279,0 -80.69569147982827,40.0513638508486,0 -80.69602413150965,40.0514528621669,0 -80.69660766731853,40.05123682703328,0 -80.69680566283816,40.05148756077136,0 -80.69609939328971,40.05160041553808,0 -80.69574027125894,40.05160216205031,0 -80.69496665921737,40.05188010076839,0 -80.69468562817642,40.05246790183386,0 -80.6938805330097,40.05274365702584,0 -80.69252679921176,40.05303964354894,0 -80.69117466817421,40.05341457099203,0 -80.68980865143018,40.05202326788097,0 -80.69038702402145,40.05175087896642,0 -80.6909502929459,40.05161563705042,0 -80.69144738836256,40.05142568004316,0 -80.69258324669346,40.05167058987174,0 -80.69395141066417,40.05195664349888,0 -80.69467351881893,40.05165768038449,0 -80.69580525263618,40.05133513007915,0 
				</coordinates>
			</LineString>
		</Placemark>
		<Placemark id="07953427F9321509C010">
			<name> U335-BET/HL-1. 00</name>
			<description><![CDATA[<div><span style=""><span class="size" style="font-size:12pt">Village of Bethlehem Community Park Rehabilitation and Expansion</span></span><br></div>]]></description>
			<LookAt>
				<longitude>-80.69441160915203</longitude>
				<latitude>40.05280008949303</latitude>
				<altitude>330.5962191354197</altitude>
				<heading>-88.83004671365629</heading>
				<tilt>44.95159224919489</tilt>
				<gx:fovy>35</gx:fovy>
				<range>1277.901298089564</range>
				<altitudeMode>absolute</altitudeMode>
			</LookAt>
			<styleUrl>#__managed_style_08F7A0621B412B8C0B20</styleUrl>
			<LineString>
				<coordinates>
					-80.69641422156327,40.05120613834982,0 -80.69428324342836,40.05141382747503,0 -80.69408725841683,40.05172619964652,0 -80.69128776872729,40.05131802120342,0 -80.68971715333896,40.05198145881715,0 -80.69111402026594,40.05348476242028,0 -80.69249468340288,40.05318224651327,0 -80.69460725197952,40.05270479302762,0 -80.69514705036983,40.05195414707496,0 -80.69671158065076,40.05169370338565,0 
				</coordinates>
			</LineString>
		</Placemark>
		<Placemark id="088FF36BAC32150B02E4">
			<name>U335-OGL/EB-1. 00</name>
			<description><![CDATA[<div><span style=""><span class="size" style="font-size:12pt">Oglebay Trail Maintenance &amp; Repair</span></span><br></div>]]></description>
			<LookAt>
				<longitude>-80.66082776329759</longitude>
				<latitude>40.09964612567054</latitude>
				<altitude>372.6292875027809</altitude>
				<heading>140.2900319752335</heading>
				<tilt>44.99995609060214</tilt>
				<gx:fovy>35</gx:fovy>
				<range>778.4821613057286</range>
				<altitudeMode>absolute</altitudeMode>
			</LookAt>
			<styleUrl>#__managed_style_08F7A0621B412B8C0B20</styleUrl>
			<LineString>
				<coordinates>
					-80.66163674476714,40.10076756912744,0 -80.65840538437411,40.09861287436161,0 -80.65946064535396,40.09745708012441,0 -80.66051725342281,40.09738948651788,0 -80.66134821653702,40.09827007991616,0 -80.66167763746168,40.10054370444721,0 
				</coordinates>
			</LineString>
		</Placemark>
		<Placemark id="0291B5CE9632150BEED8">
			<name>U313-GRE/TR-1. 00</name>
			<description><![CDATA[<div><span style=""><span class="size" style="font-size:12pt">Greenbrier River Trail Bridges Redecking</span></span><br></div>]]></description>
			<LookAt>
				<longitude>-80.15125785486741</longitude>
				<latitude>38.0930195654322</latitude>
				<altitude>945.034909083279</altitude>
				<heading>1.360243879941136e-06</heading>
				<tilt>0</tilt>
				<gx:fovy>35</gx:fovy>
				<range>146366.4524383284</range>
				<altitudeMode>absolute</altitudeMode>
			</LookAt>
			<styleUrl>#__managed_style_08F7A0621B412B8C0B20</styleUrl>
			<LineString>
				<coordinates>
					-79.92393308643685,38.39405177706113,0 -80.22452979168901,38.08611073305221,0 -80.35004755270009,37.96627010029776,0 -80.33236332501023,37.90263069958282,0 -80.38569410809687,37.84825532926481,0 -80.38364832196405,37.79535063435451,0 
				</coordinates>
			</LineString>
		</Placemark>
		<Placemark id="04A01D4E6F32150D5040">
			<name>U306-BAR/BO-3. 00</name>
			<description><![CDATA[<div><span style=""><span class="size" style="font-size:12pt">Barboursville Pedestrian Bike Path</span></span><br></div>]]></description>
			<LookAt>
				<longitude>-82.29909802291223</longitude>
				<latitude>38.39423574223417</latitude>
				<altitude>198.8806689932817</altitude>
				<heading>0</heading>
				<tilt>0</tilt>
				<gx:fovy>35</gx:fovy>
				<range>2204.086975993705</range>
				<altitudeMode>absolute</altitudeMode>
			</LookAt>
			<styleUrl>#__managed_style_08F7A0621B412B8C0B20</styleUrl>
			<LineString>
				<coordinates>
					-82.29771019867339,38.3952850438007,0 -82.2974076454126,38.39431290513865,0 -82.29834021578324,38.39431321002841,0 -82.29885051391801,38.39427453892927,0 -82.29885049448418,38.39400293680818,0 -82.3006390104665,38.39258639017557,0 
				</coordinates>
			</LineString>
		</Placemark>
		<Placemark id="002435976132150FBCE3">
			<name>U347-THO/RV- 1.00</name>
			<description><![CDATA[<div><span style=""><span class="size" style="font-size:12pt">Thomas Riverfront Connector Bridge</span></span><br></div>]]></description>
			<LookAt>
				<longitude>-79.49817068584416</longitude>
				<latitude>39.15012126203779</latitude>
				<altitude>909.5817901219452</altitude>
				<heading>72.08083786435499</heading>
				<tilt>44.96611850183245</tilt>
				<gx:fovy>35</gx:fovy>
				<range>396.6974997876969</range>
				<altitudeMode>absolute</altitudeMode>
			</LookAt>
			<styleUrl>#__managed_style_08F7A0621B412B8C0B20</styleUrl>
			<LineString>
				<coordinates>
					-79.4993224322162,39.15043597708996,0 -79.49856519992856,39.15032926729589,0 
				</coordinates>
			</LineString>
		</Placemark>
		<Placemark id="021A941E4A3215104139">
			<name>U347-THO/RV-1. 00</name>
			<description><![CDATA[<div><span style=""><span class="size" style="font-size:12pt">Thomas Riverfront Connector Bridge</span></span><br></div>]]></description>
			<LookAt>
				<longitude>-79.49817068584416</longitude>
				<latitude>39.15012126203779</latitude>
				<altitude>909.5817901219452</altitude>
				<heading>72.08083786435499</heading>
				<tilt>44.96611850183245</tilt>
				<gx:fovy>35</gx:fovy>
				<range>396.6974997876969</range>
				<altitudeMode>absolute</altitudeMode>
			</LookAt>
			<styleUrl>#__managed_style_08F7A0621B412B8C0B20</styleUrl>
			<LineString>
				<coordinates>
					-79.49932759612339,39.15039534183028,0 -79.49895368625189,39.15033136425973,0 -79.49862222159216,39.15026222624322,0 
				</coordinates>
			</LineString>
		</Placemark>
		<Placemark id="06D3A1D9BC32151D08DD">
			<name>U344-SPE/NC-1. 05</name>
			<LookAt>
				<longitude>-81.35768247160269</longitude>
				<latitude>38.80385808412989</latitude>
				<altitude>223.1740852892435</altitude>
				<heading>0</heading>
				<tilt>0</tilt>
				<gx:fovy>35</gx:fovy>
				<range>659.5587333843287</range>
				<altitudeMode>absolute</altitudeMode>
			</LookAt>
			<styleUrl>#__managed_style_0BC0EAB5AE412B8C0B23</styleUrl>
			<LineString>
				<coordinates>
					-81.35539405233364,38.80330115351317,0 -81.35541265751948,38.80315915681891,0 -81.36029287104415,38.80395777407833,0 -81.36024057864799,38.80405635865927,0 -81.35561575584168,38.80333909657705,0 
				</coordinates>
			</LineString>
		</Placemark>
		<Placemark id="04C7BE87D33216650095">
			<name>U331-WES/FR-1.00</name>
			<description><![CDATA[<div><span style=""><span class="size" style="font-size:12pt">Westover Fairmont Road Sidewalks</span></span><br></div>]]></description>
			<LookAt>
				<longitude>-79.97890745439322</longitude>
				<latitude>39.63333007608366</latitude>
				<altitude>283.2613955712878</altitude>
				<heading>0</heading>
				<tilt>0</tilt>
				<gx:fovy>35</gx:fovy>
				<range>344.4019750626467</range>
				<altitudeMode>absolute</altitudeMode>
			</LookAt>
			<styleUrl>#__managed_style_08F7A0621B412B8C0B20</styleUrl>
			<LineString>
				<coordinates>
					-79.97684523250032,39.6325444162038,0 -79.97803246489852,39.63283513733582,0 -79.97952820463279,39.63345781405499,0 
				</coordinates>
			</LineString>
		</Placemark>
	</Folder>
	<Folder id="0F413A74DC30A78FD084">
		<name>Kyle</name>
		<styleUrl>#__managed_style_0BC0EAB5AE412B8C0B23</styleUrl>
		<Placemark id="060CBB4F7830A8A43F4D">
			<name>U306-HUN/TM-1. 00</name>
			<description><![CDATA[<div>Hintington Bike/Ped</div>]]></description>
			<LookAt>
				<longitude>-82.44345310832213</longitude>
				<latitude>38.42237444589917</latitude>
				<altitude>165.0367024463695</altitude>
				<heading>0</heading>
				<tilt>0</tilt>
				<gx:fovy>35</gx:fovy>
				<range>265.8889697561972</range>
				<altitudeMode>absolute</altitudeMode>
			</LookAt>
			<styleUrl>#__managed_style_08F7A0621B412B8C0B20</styleUrl>
			<LineString>
				<coordinates>
					-82.44354186743304,38.42211452381962,0 -82.44332327490326,38.42199935822615,0 
				</coordinates>
			</LineString>
		</Placemark>
		<Placemark id="01D9AE45F930A87CF917">
			<name>U320-CED/AR-2. 00</name>
			<description><![CDATA[<div>Cedar Grove Sidewalk Improvements</div>]]></description>
			<LookAt>
				<longitude>-81.43472651953726</longitude>
				<latitude>38.22042362733377</latitude>
				<altitude>186.2314015030225</altitude>
				<heading>6.628067067775278</heading>
				<tilt>0</tilt>
				<gx:fovy>35</gx:fovy>
				<range>1405.505756785569</range>
				<altitudeMode>absolute</altitudeMode>
			</LookAt>
			<styleUrl>#__managed_style_08F7A0621B412B8C0B20</styleUrl>
			<LineString>
				<coordinates>
					-81.43413856077096,38.2211185019674,0 -81.42991651117993,38.21844414149158,0 
				</coordinates>
			</LineString>
		</Placemark>
		<Placemark id="041C2E1E2931DD98B2E0">
			<name>U347-CORRI-2. 00</name>
			<LookAt>
				<longitude>-79.68020899038285</longitude>
				<latitude>39.08851713132304</latitude>
				<altitude>502.3752193666874</altitude>
				<heading>-0.008722551271752111</heading>
				<tilt>0.1423088372436847</tilt>
				<gx:fovy>35.00008432191704</gx:fovy>
				<range>1101.885416769219</range>
				<altitudeMode>absolute</altitudeMode>
			</LookAt>
			<styleUrl>#__managed_style_0BC0EAB5AE412B8C0B23</styleUrl>
			<LineString>
				<coordinates>
					-79.68491526112702,39.08776875803181,0 -79.68306614554132,39.08687289192017,0 -79.68146668917846,39.08738808078105,0 -79.6789171364224,39.0896387339854,0 -79.68178566508462,39.09070346512711,0 
				</coordinates>
			</LineString>
		</Placemark>
		<Placemark id="0FEE5D200230A8CF3A7B">
			<name>U319-SCA/PE-22. 00</name>
			<description><![CDATA[<div>Ranson 5th Avenue Streetscape</div>]]></description>
			<LookAt>
				<longitude>-77.85356240299676</longitude>
				<latitude>39.2986700306944</latitude>
				<altitude>154.9043163982636</altitude>
				<heading>0</heading>
				<tilt>0</tilt>
				<gx:fovy>35</gx:fovy>
				<range>922.6513721329686</range>
				<altitudeMode>absolute</altitudeMode>
			</LookAt>
			<styleUrl>#__managed_style_08F7A0621B412B8C0B20</styleUrl>
			<LineString>
				<coordinates>
					-77.8597359149434,39.29653940533046,0 -77.8583905703326,39.29699080266939,0 -77.85639975416665,39.29764853075332,0 -77.85448079761818,39.29828300670472,0 -77.85298022843602,39.29830637341104,0 
				</coordinates>
			</LineString>
		</Placemark>
		<Placemark id="065F8B300330A8EF064C">
			<name>U317-SHI/NN-7. 00</name>
			<description><![CDATA[<div>Shinnston Restoration Area Rail-Trail<br></div>]]></description>
			<LookAt>
				<longitude>-80.30235886634429</longitude>
				<latitude>39.39589520249287</latitude>
				<altitude>280.0974014441912</altitude>
				<heading>-58.28771061369889</heading>
				<tilt>0.1533027210210411</tilt>
				<gx:fovy>35</gx:fovy>
				<range>1183.723665900616</range>
				<altitudeMode>absolute</altitudeMode>
			</LookAt>
			<styleUrl>#__managed_style_08F7A0621B412B8C0B20</styleUrl>
			<LineString>
				<coordinates>
					-80.29355970916421,39.40090555644255,0 -80.29418382957068,39.40081983841175,0 -80.29472446414476,39.40065543354148,0 -80.29538351487157,39.40026409312974,0 -80.29690162702337,39.39893078009697,0 -80.29730982440798,39.39859265410006,0 -80.2979636608582,39.3982437818444,0 -80.2980960600015,39.39802888011297,0 -80.299825646895,39.39737444897604,0 
				</coordinates>
			</LineString>
		</Placemark>
		<Placemark id="0BAB5533A830A8F03921">
			<name>U317-SHI/NN-9. 00</name>
			<description><![CDATA[<div>Shinnston Downtown Streetscape</div>]]></description>
			<LookAt>
				<longitude>-80.29969400002848</longitude>
				<latitude>39.39622200009206</latitude>
				<altitude>281.0598643487618</altitude>
				<heading>0</heading>
				<tilt>0</tilt>
				<gx:fovy>35</gx:fovy>
				<range>794.3255338344898</range>
				<altitudeMode>absolute</altitudeMode>
			</LookAt>
			<styleUrl>#__managed_style_08F7A0621B412B8C0B20</styleUrl>
			<LineString>
				<coordinates>
					-80.29966872868717,39.39623420599171,0 -80.30139186220744,39.3953513308003,0 
				</coordinates>
			</LineString>
		</Placemark>
		<Placemark id="09A40F4BDF30A8BFADF6">
			<name>U319-LOU/DO-1. 00</name>
			<description><![CDATA[<div>Loudoun Heights AT Relocation</div>]]></description>
			<LookAt>
				<longitude>-77.74172886720353</longitude>
				<latitude>39.31245131595035</latitude>
				<altitude>227.8763502262644</altitude>
				<heading>146.880807089408</heading>
				<tilt>27.05192758843945</tilt>
				<gx:fovy>35</gx:fovy>
				<range>1792.801217037777</range>
				<altitudeMode>absolute</altitudeMode>
			</LookAt>
			<styleUrl>#__managed_style_08F7A0621B412B8C0B20</styleUrl>
			<LineString>
				<coordinates>
					-77.74055885185447,39.31461732886734,0 -77.74114288711095,39.31416003398865,0 -77.74143205400362,39.31368046389292,0 -77.74136174486239,39.31328251296588,0 -77.74107323009056,39.31314840226577,0 -77.74053876142551,39.31310763899801,0 -77.73747056598714,39.3137053871987,0 
				</coordinates>
			</LineString>
		</Placemark>
		<Placemark id="01B464D0B330A8F34225">
			<name>U333-BATH-5. 00 </name>
			<description><![CDATA[<div>Bath Streetscape<br></div>]]></description>
			<LookAt>
				<longitude>-78.22671808865239</longitude>
				<latitude>39.62890318785261</latitude>
				<altitude>185.8568187977709</altitude>
				<heading>0</heading>
				<tilt>0</tilt>
				<gx:fovy>35</gx:fovy>
				<range>555.3119639951183</range>
				<altitudeMode>absolute</altitudeMode>
			</LookAt>
			<styleUrl>#__managed_style_08F7A0621B412B8C0B20</styleUrl>
			<LineString>
				<coordinates>
					-78.22699566601904,39.62962768269109,0 -78.22746013802063,39.62894570928106,0 -78.22642936591841,39.62847383587561,0 -78.22565454090919,39.62816115474492,0 
				</coordinates>
			</LineString>
		</Placemark>
		<Placemark id="0F8D392B1530A8C1D92A">
			<name>U348-SIS/TE-9.00</name>
			<description><![CDATA[<div>Sistersville Downtown Sidewalk</div>]]></description>
			<LookAt>
				<longitude>-80.99658278426438</longitude>
				<latitude>39.56413854844058</latitude>
				<altitude>197.5028817585629</altitude>
				<heading>0</heading>
				<tilt>0</tilt>
				<gx:fovy>35</gx:fovy>
				<range>824.4592870245108</range>
				<altitudeMode>absolute</altitudeMode>
			</LookAt>
			<styleUrl>#__managed_style_08F7A0621B412B8C0B20</styleUrl>
			<LineString>
				<coordinates>
					-80.99528945388808,39.5636109043445,0 -80.9961758241374,39.56459454816142,0 -80.99609950356015,39.56489463035845,0 
				</coordinates>
			</LineString>
		</Placemark>
		<Placemark id="081BED711C30B6CE0FE4">
			<name>U306-HUN/TI-19. 00</name>
			<description><![CDATA[<div>Huntington Path Improvements</div>]]></description>
			<LookAt>
				<longitude>-82.41269077137169</longitude>
				<latitude>38.40585212292637</latitude>
				<altitude>199.2471364208723</altitude>
				<heading>0</heading>
				<tilt>0</tilt>
				<gx:fovy>35</gx:fovy>
				<range>701.236692553066</range>
				<altitudeMode>absolute</altitudeMode>
			</LookAt>
			<styleUrl>#__managed_style_08F7A0621B412B8C0B20</styleUrl>
			<LineString>
				<coordinates>
					-82.42789577782079,38.40461388309205,0 -82.42747978668892,38.40457403376748,0 -82.42484426915929,38.40395279632903,0 -82.42434115317891,38.40372644427658,0 -82.42377046820687,38.4031451240424,0 -82.42285543079012,38.4030190977905,0 -82.42246653544765,38.40296999068899,0 -82.42206516656955,38.40281563464457,0 -82.42188394996464,38.40266552968665,0 -82.42127146678352,38.40254620468605,0 -82.42053564349774,38.40246839177169,0 -82.42016294218645,38.40247623641195,0 -82.41988573861967,38.40239853625251,0 -82.41962102849011,38.40241266118311,0 -82.41926986023807,38.40231771541106,0 -82.41892980538076,38.4023196605872,0 -82.41862843239201,38.40221998721435,0 -82.4182971588898,38.40217519889057,0 -82.41768440958998,38.40211558182595,0 -82.41717973989367,38.40209130262536,0 -82.41663738661185,38.40202315703235,0 -82.41623353386846,38.40203041773496,0 -82.4152000297117,38.40227290080342,0 -82.41480919532547,38.40260208687366,0 -82.4145894116868,38.4030097873396,0 -82.41444175355343,38.40365733193443,0 -82.41397896062637,38.40437221764113,0 -82.41368623814522,38.40464783102345,0 -82.41336378792116,38.40482239050824,0 -82.41304023251655,38.4052185507961,0 -82.41265780736826,38.405974823207,0 -82.4124659763379,38.40624095254621,0 
				</coordinates>
			</LineString>
		</Placemark>
		<Placemark id="06795D097230A8C4D38E">
			<name>U322-HAM/LI-1. 02</name>
			<description><![CDATA[<div>Hamlin Sidewalk Project</div>]]></description>
			<LookAt>
				<longitude>-82.11027929192198</longitude>
				<latitude>38.27862578481749</latitude>
				<altitude>194.4429283001757</altitude>
				<heading>0</heading>
				<tilt>0</tilt>
				<gx:fovy>35</gx:fovy>
				<range>1161.588224118459</range>
				<altitudeMode>absolute</altitudeMode>
			</LookAt>
			<styleUrl>#__managed_style_08F7A0621B412B8C0B20</styleUrl>
			<LineString>
				<coordinates>
					-82.10653702083431,38.27801490681355,0 -82.11051716827292,38.27856029020085,0 -82.11100069602688,38.27860198153198,0 -82.11140469919242,38.27881800112189,0 -82.11200568951607,38.2791766366653,0 -82.11257282218911,38.27930998380179,0 -82.11465365050196,38.27902230898154,0 
				</coordinates>
			</LineString>
		</Placemark>
		<Placemark id="0146619CCC30A901F807">
			<name>U302-MAR/TI-15. 00</name>
			<description><![CDATA[<div>Martinsburg N. Queen Street</div>]]></description>
			<LookAt>
				<longitude>-77.96305027058693</longitude>
				<latitude>39.4606192298231</latitude>
				<altitude>135.260620862788</altitude>
				<heading>0</heading>
				<tilt>0</tilt>
				<gx:fovy>35</gx:fovy>
				<range>1608.177731577598</range>
				<altitudeMode>absolute</altitudeMode>
			</LookAt>
			<styleUrl>#__managed_style_08F7A0621B412B8C0B20</styleUrl>
			<LineString>
				<coordinates>
					-77.96094226409699,39.46433905770176,0 -77.96130132288481,39.46367942419658,0 -77.96164391663204,39.46332866011963,0 -77.96203638516764,39.46249686196306,0 -77.96275637120108,39.45999275942988,0 
				</coordinates>
			</LineString>
		</Placemark>
		<Placemark id="0F3FCC047930A8806058">
			<name>U340-VAL/LE-3. 00</name>
			<description><![CDATA[<div>Putnam County Parks Trail Extension<br></div>]]></description>
			<LookAt>
				<longitude>-81.99785011813701</longitude>
				<latitude>38.44620877342729</latitude>
				<altitude>194.4165055511466</altitude>
				<heading>0</heading>
				<tilt>0</tilt>
				<gx:fovy>35</gx:fovy>
				<range>605.5486225690402</range>
				<altitudeMode>absolute</altitudeMode>
			</LookAt>
			<styleUrl>#__managed_style_08F7A0621B412B8C0B20</styleUrl>
			<LineString>
				<coordinates>
					-81.99296403076403,38.44056836756116,0 -81.99278109751178,38.44031263709581,0 -81.9920315482282,38.44040973318578,0 -81.99211118674934,38.44110001609714,0 -81.99271459831165,38.44120349430278,0 -81.99314231060544,38.44105705733384,0 -81.99553576949394,38.44678268617771,0 -81.99414237581273,38.44737607552511,0 -81.99421931067563,38.44761457075506,0 -81.9954504174548,38.44756454898684,0 -81.9955316698975,38.44679644210827,0 -81.99639915101335,38.44737273849648,0 -81.99830202173625,38.44647887400338,0 
				</coordinates>
			</LineString>
		</Placemark>
		<Placemark id="0D0CB44BFF30B6D7B9C7">
			<name>U323-LOG/AN-4. 00</name>
			<description><![CDATA[<div>Logan Main Street Sidewalk</div>]]></description>
			<LookAt>
				<longitude>-81.99195147733697</longitude>
				<latitude>37.84684166190185</latitude>
				<altitude>207.8334831301059</altitude>
				<heading>-33.21612856609702</heading>
				<tilt>0.1683104120415138</tilt>
				<gx:fovy>35</gx:fovy>
				<range>455.6411944027059</range>
				<altitudeMode>absolute</altitudeMode>
			</LookAt>
			<styleUrl>#__managed_style_08F7A0621B412B8C0B20</styleUrl>
			<LineString>
				<coordinates>
					-81.99181901328846,37.84683477132016,0 -81.9940527659876,37.84761997188141,0 -81.99403091630933,37.84769284969776,0 -81.99326011676735,37.84742585714368,0 
				</coordinates>
			</LineString>
		</Placemark>
		<Placemark id="0282C9EDDF30B3645D29">
			<name>U319-CHA/RL-3.00</name>
			<description><![CDATA[<div>Charles Town S. George St.<br></div>]]></description>
			<LookAt>
				<longitude>-77.86640285832374</longitude>
				<latitude>39.2966675227497</latitude>
				<altitude>155.8177042515912</altitude>
				<heading>0</heading>
				<tilt>0</tilt>
				<gx:fovy>35</gx:fovy>
				<range>5623.071767158109</range>
				<altitudeMode>absolute</altitudeMode>
			</LookAt>
			<styleUrl>#__managed_style_08F7A0621B412B8C0B20</styleUrl>
			<LineString>
				<coordinates>
					-77.85734563491624,39.28446955522116,0 -77.86112474795033,39.29119003897365,0 
				</coordinates>
			</LineString>
		</Placemark>
		<Placemark id="06335C85B230B35C17EB">
			<name>U340-WIN/FI-3. 00</name>
			<description><![CDATA[<div>Winfield Sidewalk System<br></div>]]></description>
			<LookAt>
				<longitude>-81.86934255501592</longitude>
				<latitude>38.54313424205529</latitude>
				<altitude>178.9289461118567</altitude>
				<heading>40.02307256753766</heading>
				<tilt>6.332939707980393</tilt>
				<gx:fovy>35</gx:fovy>
				<range>9814.825534096453</range>
				<altitudeMode>absolute</altitudeMode>
			</LookAt>
			<styleUrl>#__managed_style_08F7A0621B412B8C0B20</styleUrl>
			<LineString>
				<coordinates>
					-81.86222470570459,38.52361673732275,0 -81.86346952672284,38.52498661773853,0 -81.86391782634914,38.52552340013445,0 -81.86563891805646,38.5289920008506,0 -81.86599743388757,38.52952120015857,0 -81.8698230616554,38.53339067223219,0 -81.87087704700475,38.53415365291996,0 -81.87400736902183,38.53576546511739,0 -81.87453220091173,38.5359752767524,0 
				</coordinates>
			</LineString>
		</Placemark>
		<Placemark id="0106774C8031DD7BB534">
			<name>U347-CLE/AR-1. 00</name>
			<LookAt>
				<longitude>-81.30705158983841</longitude>
				<latitude>37.89879259934105</latitude>
				<altitude>835.3413239833768</altitude>
				<heading>194.0102174301593</heading>
				<tilt>0</tilt>
				<gx:fovy>35</gx:fovy>
				<range>41644.74214585964</range>
				<altitudeMode>absolute</altitudeMode>
			</LookAt>
			<styleUrl>#__managed_style_0BC0EAB5AE412B8C0B23</styleUrl>
			<LineString>
				<coordinates>
					-81.46345212495906,37.95531902215575,0 -81.45731761197118,37.95672033588752,0 -81.45225885554594,37.95622007667217,0 -81.44710350423064,37.95353231623782,0 -81.44280054393141,37.95161908715581,0 -81.43640046065038,37.95143820960593,0 -81.42942400780842,37.9537092684797,0 -81.42613195444993,37.95140598358594,0 -81.42444277787719,37.94887225341161,0 -81.42181171835709,37.94807755724345,0 -81.41988558407751,37.94886847801835,0 -81.41802927161362,37.94740708565428,0 -81.41292396668723,37.94548160036153,0 -81.41244493349792,37.9446940166509,0 -81.41105139556531,37.94442524573873,0 -81.40704334248765,37.94489059446341,0 -81.4060699715404,37.94318327453354,0 -81.40524862529358,37.94159072103069,0 -81.40248118148126,37.94214145455715,0 -81.39961484620527,37.94397738342667,0 -81.39761730237511,37.94469740113142,0 -81.39593175110255,37.9429038268332,0 -81.39390669279248,37.94310010169505,0 -81.3923046303218,37.9438705016651,0 -81.39058923315292,37.9433957416685,0 -81.39004679769209,37.94172645857356,0 -81.38810556726165,37.94156321559083,0 -81.38701806741611,37.94221518402128,0 -81.3854349169012,37.94273100138987,0 -81.38386918668908,37.94172432739912,0 -81.38391079317599,37.94014414279307,0 -81.38321628003865,37.93919697958833,0 -81.38183336153574,37.93868476006578,0 -81.38069925066118,37.93800891257676,0 -81.38106826690381,37.93604057901815,0 -81.38071623940341,37.93427909207281,0 -81.37878392004228,37.93361867925386,0 -81.37661444277288,37.93379257359829,0 -81.37510091094961,37.93312809961867,0 -81.3740358825974,37.93119024826552,0 -81.3719365217282,37.93030366439324,0 -81.37041013815141,37.93048738802016,0 -81.36878569858651,37.93172255398568,0 -81.36734921514599,37.93245546383047,0 -81.36616868109559,37.93168754027767,0 -81.36537633569014,37.93041535070929,0 -81.36366011068368,37.92966707003266,0 -81.36222856002586,37.92943377949672,0 -81.36029513332608,37.92894746353154,0 -81.35953798293956,37.92788030856741,0 -81.3586329972883,37.92703598400131,0 -81.35697116885937,37.92696593233267,0 -81.35598932603195,37.92728227652151,0 -81.35378967475928,37.92790269850146,0 -81.35198749255129,37.92727396700157,0 -81.35129318922908,37.92551722410069,0 -81.34975614892865,37.9241192800152,0 
				</coordinates>
			</LineString>
		</Placemark>
		<Placemark id="0E8A2E507A30B6E1DD5B">
			<name>U347-POP/LA-1.00</name>
			<description><![CDATA[<div>Parsons Poplar Street Sidewalk Improvements<br></div>]]></description>
			<LookAt>
				<longitude>-79.67963474344236</longitude>
				<latitude>39.09461783213795</latitude>
				<altitude>502.1293635218743</altitude>
				<heading>0.07809267170798051</heading>
				<tilt>6.323649770505932</tilt>
				<gx:fovy>35</gx:fovy>
				<range>448.5451405827189</range>
				<altitudeMode>absolute</altitudeMode>
			</LookAt>
			<styleUrl>#__managed_style_08F7A0621B412B8C0B20</styleUrl>
			<LineString>
				<coordinates>
					-79.67977969435655,39.09304325137234,0 -79.67962899491869,39.09392278027724,0 -79.67955102861461,39.09422692428361,0 -79.67925129363393,39.09516600945503,0 
				</coordinates>
			</LineString>
		</Placemark>
		<Placemark id="0E0862A05E31DD901F8E">
			<name>U325-FAI/RM-9. 00</name>
			<description><![CDATA[<div>Fairmont Safe Routes to Schools<br></div>]]></description>
			<LookAt>
				<longitude>-80.1439892450656</longitude>
				<latitude>39.48532971881477</latitude>
				<altitude>294.1925557459311</altitude>
				<heading>-80.07087003299071</heading>
				<tilt>0.8469415561121264</tilt>
				<gx:fovy>35</gx:fovy>
				<range>256.5084158553145</range>
				<altitudeMode>absolute</altitudeMode>
			</LookAt>
			<styleUrl>#__managed_style_08F7A0621B412B8C0B20</styleUrl>
			<LineString>
				<coordinates>
					-80.14405852158239,39.48560526584787,0 -80.14405995699468,39.48554744372397,0 -80.14399766273111,39.48553111091707,0 -80.14394396232422,39.48553901760601,0 -80.14393759167996,39.48559344348181,0 -80.14398145039243,39.4856283119178,0 -80.14402604752374,39.48562528545406,0 
				</coordinates>
			</LineString>
		</Placemark>
		<Placemark id="071803721130A8C7615C">
			<name>U334-RIC/HW-1. 00 </name>
			<description><![CDATA[<div>Richwood Sidewalks<br></div>]]></description>
			<LookAt>
				<longitude>-80.5295418977027</longitude>
				<latitude>38.22641267342895</latitude>
				<altitude>679.8089663085514</altitude>
				<heading>5.721804182709372e-09</heading>
				<tilt>44.99628172313843</tilt>
				<gx:fovy>35</gx:fovy>
				<range>223.8417218968607</range>
				<altitudeMode>absolute</altitudeMode>
			</LookAt>
			<styleUrl>#__managed_style_08F7A0621B412B8C0B20</styleUrl>
			<LineString>
				<coordinates>
					-80.53324348970376,38.22518020406849,0 -80.52849524119247,38.22677035517317,0 
				</coordinates>
			</LineString>
		</Placemark>
		<Placemark id="000431B07C31DD9C8859">
			<name>U309-DCP/PB-1. 00</name>
			<LookAt>
				<longitude>-80.73487094491362</longitude>
				<latitude>39.27097861664944</latitude>
				<altitude>245.9363099361621</altitude>
				<heading>-132.730770593505</heading>
				<tilt>8.860651393786474</tilt>
				<gx:fovy>35</gx:fovy>
				<range>224.9589517187997</range>
				<altitudeMode>absolute</altitudeMode>
			</LookAt>
			<styleUrl>#__managed_style_0BC0EAB5AE412B8C0B23</styleUrl>
			<LineString>
				<coordinates>
					-80.73506587688973,39.27126723212781,0 -80.73484151221336,39.27148379827837,0 
				</coordinates>
			</LineString>
		</Placemark>
		<Placemark id="09528AE7C831DD9E313C">
			<name>U302-MAR/TI-16. 00</name>
			<LookAt>
				<longitude>-77.96932626526875</longitude>
				<latitude>39.44256267669229</latitude>
				<altitude>142.3346157406853</altitude>
				<heading>31.84175720264698</heading>
				<tilt>14.18260191927437</tilt>
				<gx:fovy>35</gx:fovy>
				<range>281.4197923575921</range>
				<altitudeMode>absolute</altitudeMode>
			</LookAt>
			<styleUrl>#__managed_style_0BC0EAB5AE412B8C0B23</styleUrl>
			<LineString>
				<coordinates>
					-77.96916952221423,39.44231933243547,0 -77.96939979529084,39.44198146081146,0 
				</coordinates>
			</LineString>
		</Placemark>
		<Placemark id="00856A8D5B30A8B4DA67">
			<name>U319-CHA/RL-2. 00</name>
			<description><![CDATA[<div>Charles Augustine Avenue Trail</div>]]></description>
			<LookAt>
				<longitude>-77.87703640300097</longitude>
				<latitude>39.26058098304216</latitude>
				<altitude>161.3920637296316</altitude>
				<heading>0</heading>
				<tilt>0</tilt>
				<gx:fovy>30</gx:fovy>
				<range>1327.783478458878</range>
				<altitudeMode>absolute</altitudeMode>
			</LookAt>
			<styleUrl>#__managed_style_08F7A0621B412B8C0B20</styleUrl>
			<LineString>
				<coordinates>
					-77.86459600785732,39.28275796813169,0 -77.86668233247094,39.2793872319761,0 -77.8671750198839,39.2779361484782,0 -77.8703124924308,39.26834332252796,0 -77.87090662805591,39.26713977830931,0 -77.8720400698131,39.26578902084731,0 -77.87673988398052,39.26040629682761,0 
				</coordinates>
			</LineString>
		</Placemark>
		<Placemark id="0EE29C5F4030B359F4AB">
			<name>U340-WIN/FI-2. 00</name>
			<description><![CDATA[<div>Winfield Downtown Streetscape</div>]]></description>
			<LookAt>
				<longitude>-81.88925466270678</longitude>
				<latitude>38.53575914444653</latitude>
				<altitude>179.38206705328</altitude>
				<heading>0</heading>
				<tilt>0</tilt>
				<gx:fovy>35</gx:fovy>
				<range>421.5879700953519</range>
				<altitudeMode>absolute</altitudeMode>
			</LookAt>
			<styleUrl>#__managed_style_08F7A0621B412B8C0B20</styleUrl>
			<LineString>
				<coordinates>
					-81.89435715761086,38.5328906674869,0 -81.88937389844683,38.53578893851869,0 
				</coordinates>
			</LineString>
		</Placemark>
		<Placemark id="0376BD665431DD64D711">
			<name>U319-CHA/RL-4. 00</name>
			<LookAt>
				<longitude>-77.85964793193868</longitude>
				<latitude>39.29021536610269</latitude>
				<altitude>155.6569203323843</altitude>
				<heading>17.7737031581063</heading>
				<tilt>0.25460449418444</tilt>
				<gx:fovy>30.00000459518802</gx:fovy>
				<range>374.8714789569931</range>
				<altitudeMode>absolute</altitudeMode>
			</LookAt>
			<styleUrl>#__managed_style_0BC0EAB5AE412B8C0B23</styleUrl>
			<LineString>
				<coordinates>
					-77.86036102944271,39.28996175816724,0 -77.85924296896184,39.29035248666833,0 
				</coordinates>
			</LineString>
		</Placemark>
		<Placemark id="076D560A0E31DD71F085">
			<name>U302-MAR/TI-17. 00</name>
			<LookAt>
				<longitude>-77.96406666749293</longitude>
				<latitude>39.46348933231518</latitude>
				<altitude>137.7709962506633</altitude>
				<heading>-175.9819764732444</heading>
				<tilt>1.749512894646802</tilt>
				<gx:fovy>56.87490210587281</gx:fovy>
				<range>248.7899507821203</range>
				<altitudeMode>absolute</altitudeMode>
			</LookAt>
			<styleUrl>#__managed_style_0BC0EAB5AE412B8C0B23</styleUrl>
			<LineString>
				<coordinates>
					-77.96545006209129,39.46660600428239,0 -77.96516876040866,39.46647258560829,0 -77.96504944468782,39.46634351213432,0 -77.96476103270562,39.46626005053057,0 -77.96410850562749,39.46594261143667,0 -77.963780243889,39.46585450662921,0 -77.96350105966326,39.46561366428307,0 -77.96345365248175,39.46537937410237,0 -77.96315699995668,39.46479005937167,0 -77.96308933089634,39.46423851712769,0 -77.96296518382792,39.46345536471254,0 -77.96253675615449,39.46191715140829,0 
				</coordinates>
			</LineString>
		</Placemark>
		<Placemark id="0C25095E4531DD8B50D6">
			<name>U302-ROU/ND-10. 00 </name>
			<description><![CDATA[<div>Berkeley Roundhouse<br></div><div><br></div>]]></description>
			<LookAt>
				<longitude>-77.95889378479906</longitude>
				<latitude>39.45935520921189</latitude>
				<altitude>142.5122989492197</altitude>
				<heading>0.7575036148030433</heading>
				<tilt>0.4446139884644132</tilt>
				<gx:fovy>35.01915043</gx:fovy>
				<range>737.2390602561792</range>
				<altitudeMode>absolute</altitudeMode>
			</LookAt>
			<styleUrl>#__managed_style_08F7A0621B412B8C0B20</styleUrl>
			<LineString>
				<coordinates>
					-77.96059970440393,39.45992710807926,0 -77.96038384297779,39.4600264686288,0 -77.96000877554101,39.4595778026476,0 -77.95968343795595,39.45934888251199,0 -77.95941720347781,39.45904441442905,0 -77.9593480104411,39.45877397653086,0 -77.95935827579181,39.4586566567724,0 -77.96012316889242,39.45864869440472,0 -77.9603599927372,39.45900008271215,0 -77.96047364331467,39.45931882709147,0 -77.9603103796955,39.45950778572632,0 -77.96057301599467,39.45980289204851,0 
				</coordinates>
			</LineString>
		</Placemark>
		<Placemark id="0E6DE5AFCB31DD8D53C9">
			<name>U333-BER/SP-1.00</name>
			<description><![CDATA[<div>Berkeley Springs State Park Improvements (Design)<br></div>]]></description>
			<LookAt>
				<longitude>-78.22851058548196</longitude>
				<latitude>39.62667354778127</latitude>
				<altitude>184.0700081914572</altitude>
				<heading>0</heading>
				<tilt>0</tilt>
				<gx:fovy>35.00000003799586</gx:fovy>
				<range>216.2250760176539</range>
				<altitudeMode>absolute</altitudeMode>
			</LookAt>
			<styleUrl>#__managed_style_08F7A0621B412B8C0B20</styleUrl>
			<LineString>
				<coordinates>
					-78.22862271019723,39.626707837788,0 -78.22859299828022,39.6266189586667,0 -78.22852048861326,39.62663922358104,0 -78.22855022154717,39.62671552425143,0 
				</coordinates>
			</LineString>
		</Placemark>
		<Placemark id="055150D3D6321533E585">
			<name>U333-BA/TH-4.02</name>
			<description><![CDATA[<div><span style=""><span class="size" style="font-size:12pt">Bath/ Berkeley Springs State Park</span></span><br></div>]]></description>
			<LookAt>
				<longitude>-78.22847603412565</longitude>
				<latitude>39.6266691083026</latitude>
				<altitude>184.4685099684654</altitude>
				<heading>0</heading>
				<tilt>0</tilt>
				<gx:fovy>35</gx:fovy>
				<range>322.4949716997799</range>
				<altitudeMode>absolute</altitudeMode>
			</LookAt>
			<styleUrl>#__managed_style_08F7A0621B412B8C0B20</styleUrl>
			<LineString>
				<coordinates>
					-78.22851213388806,39.62704549948237,0 -78.22803650701069,39.62685632489998,0 -78.22841330828547,39.62700678009889,0 -78.22850142668906,39.62669021006161,0 -78.2283479264037,39.62640444359049,0 -78.22839198396376,39.62613425552885,0 
				</coordinates>
			</LineString>
		</Placemark>
		<Placemark id="0AD8B87AA732163F564D">
			<name>U333-BER/SP-1. 00</name>
			<description><![CDATA[<div><span style=""><span class="size" style="font-size:12pt">Berkeley Springs State Parks Improvements (Construction)</span></span><br></div><div><span style=""><span class="size" style="font-size:12pt"></span></span><br></div>]]></description>
			<LookAt>
				<longitude>-78.22855782078072</longitude>
				<latitude>39.62663883034804</latitude>
				<altitude>183.9982048529908</altitude>
				<heading>0</heading>
				<tilt>0</tilt>
				<gx:fovy>35</gx:fovy>
				<range>280.4676333982934</range>
				<altitudeMode>absolute</altitudeMode>
			</LookAt>
			<styleUrl>#__managed_style_08F7A0621B412B8C0B20</styleUrl>
			<LineString>
				<coordinates>
					-78.22850790252167,39.62667951351731,0 -78.22863082184938,39.62665444892573,0 
				</coordinates>
			</LineString>
		</Placemark>
		<Placemark id="0B53E5DD1432164255BC">
			<name> U302-MAR/TI-15.00</name>
			<description><![CDATA[<div><span style=""><span class="size" style="font-size:12pt">North Queen Street Streetscape Improvements Phase 3</span></span><br></div>]]></description>
			<LookAt>
				<longitude>-77.9628448408575</longitude>
				<latitude>39.46080935690822</latitude>
				<altitude>134.0722755327269</altitude>
				<heading>0</heading>
				<tilt>0</tilt>
				<gx:fovy>35</gx:fovy>
				<range>1117.511661547178</range>
				<altitudeMode>absolute</altitudeMode>
			</LookAt>
			<styleUrl>#__managed_style_08F7A0621B412B8C0B20</styleUrl>
			<LineString>
				<coordinates>
					-77.96089430683453,39.4643507055298,0 -77.96203255543297,39.46248630072622,0 -77.96277121086915,39.46006146429597,0 
				</coordinates>
			</LineString>
		</Placemark>
		<Placemark id="02F96A20943216495451">
			<name> U319-CHA/RL-2.00</name>
			<description><![CDATA[<div><span style=""><span class="size" style="font-size:12pt">Charles Town Augustine Trail Phase 2</span></span><br></div>]]></description>
			<LookAt>
				<longitude>-77.86472826969657</longitude>
				<latitude>39.2808205361877</latitude>
				<altitude>153.5595811954591</altitude>
				<heading>353.1984480742824</heading>
				<tilt>0</tilt>
				<gx:fovy>35</gx:fovy>
				<range>2313.948055275832</range>
				<altitudeMode>absolute</altitudeMode>
			</LookAt>
			<styleUrl>#__managed_style_08F7A0621B412B8C0B20</styleUrl>
			<LineString>
				<coordinates>
					-77.87676107650998,39.26051874111223,0 -77.8711165797969,39.26715744020688,0 -77.87069775956004,39.26782504626305,0 -77.87045997605786,39.2683566764404,0 -77.86723714325635,39.27791085434018,0 -77.86698149378154,39.27886049820221,0 -77.86465573417544,39.28272269428442,0 
				</coordinates>
			</LineString>
		</Placemark>
		<Placemark id="0BFDB8BD4132166D5131">
			<name> U302-MAR/TI-16. 00</name>
			<description><![CDATA[<div><span style=""><span class="size" style="font-size:12pt">Martinsburg Frog Hollow Rail Trail <br>Route 9 Overpass Bridge Remediation</span></span></div>]]></description>
			<LookAt>
				<longitude>-77.96984805202565</longitude>
				<latitude>39.44160635309375</latitude>
				<altitude>143.1716145751523</altitude>
				<heading>0</heading>
				<tilt>0</tilt>
				<gx:fovy>35</gx:fovy>
				<range>561.0386852449301</range>
				<altitudeMode>absolute</altitudeMode>
			</LookAt>
			<styleUrl>#__managed_style_08F7A0621B412B8C0B20</styleUrl>
			<LineString>
				<coordinates>
					-77.96921244824982,39.44232285416597,0 -77.96950492352403,39.44199398478618,0 
				</coordinates>
			</LineString>
		</Placemark>
	</Folder>
	<Folder id="02D24C9D6130A79032DF">
		<name>Jennifer</name>
		<styleUrl>#__managed_style_0BC0EAB5AE412B8C0B23</styleUrl>
		<Placemark id="06AA35EC6D311EEA260B">
			<name>U306-60/5-1.68</name>
			<description><![CDATA[<div>Farmdale Road in Barboursville&nbsp;<br></div>]]></description>
			<LookAt>
				<longitude>-82.29555641327153</longitude>
				<latitude>38.41072718566267</latitude>
				<altitude>178.2541824150707</altitude>
				<heading>0</heading>
				<tilt>0</tilt>
				<gx:fovy>35</gx:fovy>
				<range>530.7036577820691</range>
				<altitudeMode>absolute</altitudeMode>
			</LookAt>
			<styleUrl>#__managed_style_08F7A0621B412B8C0B20</styleUrl>
			<LineString>
				<coordinates>
					-82.29936360489154,38.41487340973615,0 -82.29935252931817,38.41475122688055,0 -82.29884808972965,38.41370547890357,0 -82.29849496714871,38.41295004184259,0 -82.29818324240777,38.41228497223073,0 -82.29750887780499,38.41092799041655,0 -82.29736085022705,38.41081036693107,0 -82.29721504777768,38.41072803372073,0 -82.29577067661073,38.41025996862701,0 
				</coordinates>
			</LineString>
		</Placemark>
		<Placemark id="0487C9C8AD321159D430">
			<name>U354-MOU/NT-1. 00</name>
			<description><![CDATA[<div><span style=""><span class="size" style="font-size:12pt">Mountood Park ATV Trails</span></span><br></div>]]></description>
			<LookAt>
				<longitude>-81.2898559832461</longitude>
				<latitude>39.24201181403134</latitude>
				<altitude>320.0763491918433</altitude>
				<heading>0</heading>
				<tilt>0</tilt>
				<gx:fovy>35</gx:fovy>
				<range>597.118929681892</range>
				<altitudeMode>absolute</altitudeMode>
			</LookAt>
			<styleUrl>#__managed_style_08F7A0621B412B8C0B20</styleUrl>
			<LineString>
				<coordinates>
					-81.29020633828546,39.24233064058753,0 -81.29038511469615,39.24228208601603,0 -81.29050725306031,39.24208933601875,0 -81.29048708863959,39.24191268231334,0 -81.29018800975068,39.24164964475868,0 -81.28983838306416,39.24149286814471,0 -81.28955391104459,39.24144935630688,0 -81.28927308187698,39.24149098438323,0 -81.28908664805874,39.24160971779727,0 -81.2888856863991,39.24159703198385,0 -81.28883579752876,39.24173584945505,0 -81.28891561315378,39.24181572917793,0 -81.28944160057129,39.24265850238631,0 
				</coordinates>
			</LineString>
		</Placemark>
		<Placemark id="0BE81505EA31F73F6F4D">
			<name>U310-HAW/KS-1. 00</name>
			<description><![CDATA[<div>Hawks Nest Rail Trail Train Trestle Improvements<br></div><div><br></div>]]></description>
			<LookAt>
				<longitude>-81.10037432781195</longitude>
				<latitude>38.13239107804625</latitude>
				<altitude>370.7767577612969</altitude>
				<heading>148.810090136085</heading>
				<tilt>44.94376618257159</tilt>
				<gx:fovy>35</gx:fovy>
				<range>289.8391943906245</range>
				<altitudeMode>absolute</altitudeMode>
			</LookAt>
			<styleUrl>#__managed_style_08F7A0621B412B8C0B20</styleUrl>
			<LineString>
				<coordinates>
					-81.0998991614313,38.13132982646299,0 -81.10013417197379,38.13168816368199,0 
				</coordinates>
			</LineString>
		</Placemark>
		<Placemark id="0872E68D5331FBB1121E">
			<name>U322-GUY/AN-1. 00</name>
			<description><![CDATA[<div><span style=""><span class="size" style="font-size:12pt">Guyandotte Water Trail Access</span></span><br></div>]]></description>
			<LookAt>
				<longitude>-82.18591093824148</longitude>
				<latitude>38.11962362759525</latitude>
				<altitude>173.691985950995</altitude>
				<heading>-124.8616910616283</heading>
				<tilt>44.50003187017524</tilt>
				<gx:fovy>35</gx:fovy>
				<range>715.6965014656453</range>
				<altitudeMode>absolute</altitudeMode>
			</LookAt>
			<styleUrl>#__managed_style_08F7A0621B412B8C0B20</styleUrl>
			<LineString>
				<coordinates>
					-82.18411810356571,38.1189743881301,0 -82.18441601498617,38.11900084525383,0 -82.18490833711262,38.11906953321128,0 -82.18526688801735,38.11911687260633,0 -82.1852581195693,38.11925427945923,0 -82.18524016378213,38.11936206331558,0 -82.18517832466823,38.11946268391117,0 
				</coordinates>
			</LineString>
		</Placemark>
		<Placemark id="0EBA14760331FBB7462B">
			<name>U338-MAR/LI-6. 00</name>
			<description><![CDATA[<div><span style=""><span class="size" style="font-size:12pt">Marlinton Ranger District Connections</span></span><br></div>]]></description>
			<LookAt>
				<longitude>-80.08000971575134</longitude>
				<latitude>38.21467363176847</latitude>
				<altitude>714.5227495550955</altitude>
				<heading>107.335540405037</heading>
				<tilt>44.99667807198171</tilt>
				<gx:fovy>35</gx:fovy>
				<range>286.2920250518073</range>
				<altitudeMode>absolute</altitudeMode>
			</LookAt>
			<styleUrl>#__managed_style_08F7A0621B412B8C0B20</styleUrl>
			<LineString>
				<coordinates>
					-80.08036595977839,38.21509242145539,0 -80.08014149571096,38.21509633101645,0 -80.0799040106546,38.21508636389454,0 -80.07967622860077,38.21511787178364,0 -80.07949351555634,38.21511914163959,0 
				</coordinates>
			</LineString>
		</Placemark>
		<Placemark id="0D2708A90431FBB49851">
			<name>U342-GLE/ND-1. 00</name>
			<description><![CDATA[<div><span style=""><span class="size" style="font-size:12pt">Glendale Park Nature Trail Equipment</span></span><br></div>]]></description>
			<LookAt>
				<longitude>-79.86219063889619</longitude>
				<latitude>38.92281129352256</latitude>
				<altitude>582.4765017068074</altitude>
				<heading>-101.9715954789901</heading>
				<tilt>44.99999420427856</tilt>
				<gx:fovy>35</gx:fovy>
				<range>799.2121134627087</range>
				<altitudeMode>absolute</altitudeMode>
			</LookAt>
			<styleUrl>#__managed_style_08F7A0621B412B8C0B20</styleUrl>
			<LineString>
				<coordinates>
					-79.86198278704526,38.92065126475296,0 -79.86150470653376,38.92150914377007,0 -79.86107810169057,38.92228842481889,0 -79.86066661235765,38.92283375532566,0 -79.86034039031327,38.92307741138368,0 -79.85999458927158,38.92320296321452,0 -79.85941163179156,38.92344741768282,0 -79.85960329291176,38.92354309606152,0 -79.85974646400145,38.92358810787596,0 -79.85998649347221,38.92367069290826,0 -79.86042935369427,38.92371112211677,0 -79.86068901996425,38.92364232185352,0 -79.86086178559304,38.92346107886902,0 -79.86102239089729,38.9232197015245,0 -79.86123021693862,38.92295405583728,0 -79.8614971875751,38.92284402310923,0 -79.86171619402937,38.92275603738175,0 -79.8619116309543,38.92277066201052,0 -79.86248840813815,38.92294375773143,0 -79.86306518813632,38.9231168506143,0 -79.86360884263402,38.92180549277462,0 
				</coordinates>
			</LineString>
		</Placemark>
		<Placemark id="051CA74C4731FBAEB6C4">
			<name>U332-POT/TS-1. 02</name>
			<description><![CDATA[<div><span style=""><span class="size" style="font-size:12pt">Potts Valley Rail Trail Phase II</span></span><br></div>]]></description>
			<LookAt>
				<longitude>-80.46549931406963</longitude>
				<latitude>37.45297818431842</latitude>
				<altitude>817.6451362243528</altitude>
				<heading>-141.4702243220764</heading>
				<tilt>44.99624224792426</tilt>
				<gx:fovy>35</gx:fovy>
				<range>226.9592944315446</range>
				<altitudeMode>absolute</altitudeMode>
			</LookAt>
			<styleUrl>#__managed_style_08F7A0621B412B8C0B20</styleUrl>
			<LineString>
				<coordinates>
					-80.46569161663358,37.45279733158287,0 -80.46551356881527,37.45302168195667,0 -80.46533542406254,37.45313515795789,0 -80.46510866619012,37.45329129874246,0 -80.46497861805985,37.45338924317124,0 
				</coordinates>
			</LineString>
		</Placemark>
		<Placemark id="0D8B09033E31F7415D2C">
			<name>U347-BLA/CK-2. 00</name>
			<description><![CDATA[<div><span style=""><span class="size" style="font-size:12pt">Davis Town Trails (formerly Blackwater Equipment)</span></span><br></div>]]></description>
			<LookAt>
				<longitude>-79.46235170415346</longitude>
				<latitude>39.12892628439628</latitude>
				<altitude>941.0188809089238</altitude>
				<heading>-86.65312839319976</heading>
				<tilt>45.00401508304809</tilt>
				<gx:fovy>35</gx:fovy>
				<range>1429.279113159282</range>
				<altitudeMode>absolute</altitudeMode>
			</LookAt>
			<styleUrl>#__managed_style_08F7A0621B412B8C0B20</styleUrl>
			<LineString>
				<coordinates>
					-79.46166146043034,39.12766120639147,0 -79.46307971849517,39.12740507246176,0 -79.46401382292275,39.12709258356703,0 -79.46540748521463,39.12698320253038,0 -79.46682410173491,39.12676806317863,0 -79.4681256231658,39.1264993298272,0 -79.46918103595688,39.125752038964,0 -79.47006754831678,39.12520913359982,0 -79.46925191607723,39.12514166535916,0 -79.46887085643219,39.12479314708872,0 -79.46843763260979,39.12442294544577,0 -79.46798307974652,39.12422623454056,0 -79.46739316376457,39.12454374238892,0 -79.46738782883416,39.12489131703465,0 -79.46738067008259,39.12530457868259,0 -79.46741605044895,39.12557750922837,0 -79.46746596763103,39.12584981899058,0 -79.46786600381289,39.12586559698445,0 -79.46834031345972,39.12559372561059,0 -79.46901634653314,39.12540968358736,0 -79.46957972737398,39.12517033547431,0 
				</coordinates>
			</LineString>
		</Placemark>
		<Placemark id="0597F5A07331FBAA78E6">
			<name>U354-MOU/NT-3. 00</name>
			<description><![CDATA[<div><span style=""><span class="size" style="font-size:12pt">Mountwood Park ATV Trail (now Flow Trail)</span></span><br></div>]]></description>
			<LookAt>
				<longitude>-81.29022456070193</longitude>
				<latitude>39.242197113519</latitude>
				<altitude>309.5187430325757</altitude>
				<heading>125.5954629109179</heading>
				<tilt>17.25073770670948</tilt>
				<gx:fovy>35</gx:fovy>
				<range>172.3124138402454</range>
				<altitudeMode>absolute</altitudeMode>
			</LookAt>
			<styleUrl>#__managed_style_08F7A0621B412B8C0B20</styleUrl>
			<LineString>
				<coordinates>
					-81.28886492924541,39.24182734205976,0 -81.28878842118534,39.24172978136961,0 -81.28879932294747,39.2416889503315,0 -81.28881945969353,39.24162167070481,0 -81.28885578210497,39.24153208942128,0 -81.28904601195515,39.24154021426418,0 -81.28919378122701,39.24148550133208,0 -81.28932796352571,39.24140226103474,0 -81.28946584625952,39.24139087931788,0 -81.28958275802273,39.24138525950293,0 -81.28976172863509,39.2414132910496,0 -81.28991201753652,39.24145961401928,0 -81.29022180750282,39.24161116987503,0 -81.29031479171954,39.2416892559372,0 -81.29041582506466,39.24177367585398,0 -81.29052037761755,39.24188943399749,0 -81.29057504860987,39.24200697962009,0 -81.29055904629101,39.24209578793884,0 -81.29042279060526,39.24232082233064,0 -81.29033566755184,39.24234289901383,0 -81.29027218950415,39.2423442538831,0 -81.29019530190865,39.24234494718034,0 -81.29016784037989,39.24234392019291,0 
				</coordinates>
			</LineString>
		</Placemark>
		<Placemark id="0FC5B3925031F742E9CB">
			<name>U347-BLA/CL-1. 00</name>
			<description><![CDATA[<div><span style=""><span class="size" style="font-size:12pt">Blackwater Loop Trail Improvements<br>and Interpretive Signage</span></span></div>]]></description>
			<LookAt>
				<longitude>-79.51743869410465</longitude>
				<latitude>39.12087740144724</latitude>
				<altitude>916.6702715228623</altitude>
				<heading>-86.68539964084508</heading>
				<tilt>45.00114206572295</tilt>
				<gx:fovy>35</gx:fovy>
				<range>977.3762801125122</range>
				<altitudeMode>absolute</altitudeMode>
			</LookAt>
			<styleUrl>#__managed_style_08F7A0621B412B8C0B20</styleUrl>
			<LineString>
				<coordinates>
					-79.51888979802692,39.12469441696581,0 -79.51900944971671,39.12411666670332,0 -79.51955326010631,39.1235072328351,0 -79.52000355497816,39.12312152551493,0 -79.51981326577298,39.12251321253898,0 -79.51951560398756,39.12187428890542,0 -79.51983234113783,39.12115830044075,0 -79.5205822684007,39.12023841390587,0 -79.52069350410542,39.11931739145494,0 -79.52061276369092,39.1182014599594,0 -79.52069665209534,39.1170611917311,0 
				</coordinates>
			</LineString>
		</Placemark>
		<Placemark id="0D088AD5FB31FC92681B">
			<name>U338 39 2 00000</name>
			<description><![CDATA[<div><span style=""><span class="size" style="font-size:12pt">Marlinton Overlook Trail</span></span><br></div>]]></description>
			<LookAt>
				<longitude>-80.08940307590441</longitude>
				<latitude>38.22519088834534</latitude>
				<altitude>676.5353219551089</altitude>
				<heading>0</heading>
				<tilt>0</tilt>
				<gx:fovy>34.99993861599769</gx:fovy>
				<range>620.4059736658382</range>
				<altitudeMode>absolute</altitudeMode>
			</LookAt>
			<styleUrl>#__managed_style_08F7A0621B412B8C0B20</styleUrl>
			<LineString>
				<coordinates>
					-80.09013765029948,38.22505795340887,0 -80.08965511225425,38.22527675382473,0 -80.0897048891692,38.22500100648904,0 -80.08927903118837,38.22505933363534,0 -80.08944260089544,38.22477461738224,0 -80.08915137740397,38.22472857247309,0 -80.0894127649937,38.22447633470356,0 -80.08906595398976,38.22446533503556,0 -80.08913743630751,38.22434229727138,0 -80.08882444104725,38.2242588303919,0 
				</coordinates>
			</LineString>
		</Placemark>
		<Placemark id="021C9941A231FC940F42">
			<name>U345-JOH/NH-1. 00</name>
			<description><![CDATA[<div><span style=""><span class="size" style="font-size:12pt">John Henry Historical Park Walking Bridge</span></span><br></div>]]></description>
			<LookAt>
				<longitude>-80.76190500891131</longitude>
				<latitude>37.65196662110171</latitude>
				<altitude>455.4476730495833</altitude>
				<heading>0</heading>
				<tilt>0</tilt>
				<gx:fovy>34.99999999991969</gx:fovy>
				<range>357.1656008988793</range>
				<altitudeMode>absolute</altitudeMode>
			</LookAt>
			<styleUrl>#__managed_style_08F7A0621B412B8C0B20</styleUrl>
			<LineString>
				<coordinates>
					-80.76284489331456,37.65194020142441,0 -80.7618088347311,37.65215357195138,0 
				</coordinates>
			</LineString>
		</Placemark>
		<Placemark id="03EFF0523032115EB9C1">
			<name>U342-GLE/ND-2. 00</name>
			<description><![CDATA[<div><span style=""><span class="size" style="font-size:12pt">Glendale Park Skills Area</span></span><br></div>]]></description>
			<LookAt>
				<longitude>-79.86260622989205</longitude>
				<latitude>38.92166137621872</latitude>
				<altitude>582.873963804951</altitude>
				<heading>0</heading>
				<tilt>0</tilt>
				<gx:fovy>35</gx:fovy>
				<range>1322.031354560168</range>
				<altitudeMode>absolute</altitudeMode>
			</LookAt>
			<styleUrl>#__managed_style_08F7A0621B412B8C0B20</styleUrl>
			<LineString>
				<coordinates>
					-79.86348440074855,38.92183217766276,0 -79.86297485086901,38.92296244682485,0 -79.86192315684171,38.92267994170536,0 -79.86152731334936,38.92268424523734,0 -79.86118017313245,38.92286152592669,0 -79.86061131482451,38.92356552851324,0 -79.85979274731056,38.92354020839222,0 -79.86063952734845,38.92300807895734,0 -79.86143060927155,38.92197959516333,0 -79.86206441297297,38.92064756575911,0 
				</coordinates>
			</LineString>
		</Placemark>
		<Placemark id="0F86B6FF3632115BCE01">
			<name>U330-TUG/RI-1. 00</name>
			<description><![CDATA[<div><span style=""><span class="size" style="font-size:12pt">Tug Fork River Water Trail Boat Ramps</span></span><br></div>]]></description>
			<LookAt>
				<longitude>-82.27646629870368</longitude>
				<latitude>37.66993302277427</latitude>
				<altitude>201.5836184206381</altitude>
				<heading>0</heading>
				<tilt>0</tilt>
				<gx:fovy>35</gx:fovy>
				<range>254.0067184908185</range>
				<altitudeMode>absolute</altitudeMode>
			</LookAt>
			<styleUrl>#__managed_style_08F7A0621B412B8C0B20</styleUrl>
			<LineString>
				<coordinates>
					-82.27682606990174,37.66993426046759,0 -82.2768909513351,37.66985781254608,0 -82.27658680005324,37.6696962544046,0 -82.27654435814877,37.6697580965827,0 -82.27671849971469,37.66989119171253,0 
				</coordinates>
			</LineString>
		</Placemark>
		<Placemark id="00DA9E866632115D599E">
			<name>U322-GUY/AN-25. 00</name>
			<description><![CDATA[<div><span style=""><span class="size" style="font-size:12pt">Guyandotte Water Trail Access (Construction)</span></span><br></div>]]></description>
			<LookAt>
				<longitude>-82.18527660444931</longitude>
				<latitude>38.11988616148493</latitude>
				<altitude>178.7328607721711</altitude>
				<heading>0</heading>
				<tilt>0</tilt>
				<gx:fovy>35</gx:fovy>
				<range>530.7695285194495</range>
				<altitudeMode>absolute</altitudeMode>
			</LookAt>
			<styleUrl>#__managed_style_08F7A0621B412B8C0B20</styleUrl>
			<LineString>
				<coordinates>
					-82.18411786838635,38.11895363356922,0 -82.185308489947,38.1191009973267,0 -82.18530047519781,38.11949604805672,0 
				</coordinates>
			</LineString>
		</Placemark>
		<Placemark id="0B6BC3D3D3321163B21B">
			<name>U328-BLU/ES-3. 00</name>
			<description><![CDATA[<div><span><span class="size" style="font-size: 12pt;">Bluestone River Trail</span></span><br></div>]]></description>
			<LookAt>
				<longitude>-81.05891913971124</longitude>
				<latitude>37.46793410339333</latitude>
				<altitude>591.9622000105436</altitude>
				<heading>335.1128442357032</heading>
				<tilt>0</tilt>
				<gx:fovy>35</gx:fovy>
				<range>415.7699291040627</range>
				<altitudeMode>absolute</altitudeMode>
			</LookAt>
			<styleUrl>#__managed_style_08F7A0621B412B8C0B20</styleUrl>
			<LineString>
				<coordinates>
					-81.0604825701779,37.46656851653098,0 -81.05999308326381,37.46689054171689,0 -81.05960297489051,37.46732516996811,0 -81.05925588223523,37.46803147201214,0 -81.05907181876064,37.4682688836446,0 
				</coordinates>
			</LineString>
		</Placemark>
		<Placemark id="0CCF76F5A13215529051">
			<name>U309-NBE/ND-2. 00</name>
			<description><![CDATA[<div><span style=""><span class="size" style="font-size:12pt">North Bend Rail Trail Restoration</span></span><br></div>]]></description>
			<LookAt>
				<longitude>-81.33934051190556</longitude>
				<latitude>39.19804768522998</latitude>
				<altitude>208.9044767082798</altitude>
				<heading>0</heading>
				<tilt>0</tilt>
				<gx:fovy>35</gx:fovy>
				<range>592.8556884108549</range>
				<altitudeMode>absolute</altitudeMode>
			</LookAt>
			<styleUrl>#__managed_style_08F7A0621B412B8C0B20</styleUrl>
			<LineString>
				<coordinates>
					-81.34065890438383,39.19757776258567,0 -81.33768068081186,39.19819317100242,0 
				</coordinates>
			</LineString>
		</Placemark>
		<Placemark id="03A066D0D032155432F3">
			<name>U354-NOR/TH-2. 00</name>
			<description><![CDATA[<div><span style=""><span class="size" style="font-size:12pt">North Bend Rail Trail Surveying and Ditching</span></span><br></div>]]></description>
			<LookAt>
				<longitude>-81.35861929091469</longitude>
				<latitude>39.19295459920376</latitude>
				<altitude>197.4983796754011</altitude>
				<heading>0</heading>
				<tilt>0</tilt>
				<gx:fovy>35</gx:fovy>
				<range>743.0906624113414</range>
				<altitudeMode>absolute</altitudeMode>
			</LookAt>
			<styleUrl>#__managed_style_08F7A0621B412B8C0B20</styleUrl>
			<LineString>
				<coordinates>
					-81.36103343675764,39.18926281040699,0 -81.36065664965439,39.18955765347498,0 -81.36034510635265,39.18998621510843,0 -81.3600307926523,39.19086097482964,0 -81.35981415704674,39.19186443660669,0 -81.35933733765869,39.19265378341038,0 -81.35846744437782,39.19336060863066,0 
				</coordinates>
			</LineString>
		</Placemark>
		<Placemark id="0986098503321559B715">
			<name>U339-WVN/OR-1. 00</name>
			<description><![CDATA[<div><span style=""><span class="size" style="font-size:12pt">WV Northern Rail Trail</span></span><br></div>]]></description>
			<LookAt>
				<longitude>-79.70057917947597</longitude>
				<latitude>39.46863063451357</latitude>
				<altitude>556.0994778132364</altitude>
				<heading>0</heading>
				<tilt>0</tilt>
				<gx:fovy>35</gx:fovy>
				<range>3831.778577445075</range>
				<altitudeMode>absolute</altitudeMode>
			</LookAt>
			<styleUrl>#__managed_style_08F7A0621B412B8C0B20</styleUrl>
			<LineString>
				<coordinates>
					-79.69679016316336,39.46866116925415,0 -79.6979315728434,39.46835523165413,0 -79.69945476556551,39.4684044558241,0 -79.70237736438001,39.46761384578642,0 -79.70336085003248,39.46715652668636,0 -79.70692442299543,39.46525358591917,0 -79.71020217851694,39.46374065777244,0 
				</coordinates>
			</LineString>
		</Placemark>
		<Placemark id="066833649F32156BBFB2">
			<name>U345-GET/MIT-1. 00</name>
			<description><![CDATA[<div><span style=""><span class="size" style="font-size:12pt">The Great Eastern Trail and Mary Ingles Trail</span></span><br></div>]]></description>
			<LookAt>
				<longitude>-80.8853250858028</longitude>
				<latitude>37.6821694170677</latitude>
				<altitude>464.7773461047863</altitude>
				<heading>-21.38016196474263</heading>
				<tilt>41.63734617734615</tilt>
				<gx:fovy>35</gx:fovy>
				<range>13510.72181958938</range>
				<altitudeMode>absolute</altitudeMode>
			</LookAt>
			<styleUrl>#__managed_style_08F7A0621B412B8C0B20</styleUrl>
			<LineString>
				<coordinates>
					-80.92686735601842,37.8090061594333,0 -80.92467958710085,37.80554889823095,0 -80.92525228924852,37.80254047935791,0 -80.92332328287517,37.79519378264125,0 -80.92158190696416,37.79165481393753,0 -80.9143419126987,37.78831821559515,0 -80.9115319889334,37.78508471992343,0 -80.90382515109829,37.78230303577744,0 -80.90041091599548,37.77901000204719,0 -80.89565722912953,37.77407654308134,0 -80.89503403949358,37.76798855385749,0 -80.89931631032451,37.76091752929602,0 -80.91070865062984,37.75687002979261,0 -80.91826030856242,37.75367772492456,0 -80.92295982966343,37.74883369761278,0 -80.92428765162472,37.7451547054524,0 -80.92377022083052,37.74049309995439,0 -80.91669296131343,37.73530845616557,0 -80.89801071467967,37.72593951201083,0 -80.8946578756847,37.72189839742287,0 -80.89358759402187,37.71619248714048,0 -80.89102321754781,37.70149103899806,0 -80.883479240833,37.69673024238165,0 -80.8789973305886,37.69083905562628,0 -80.87906567632844,37.68557699274507,0 -80.88409293607822,37.68161586953651,0 -80.89299608047051,37.67893255200961,0 -80.89658503929985,37.67200107793724,0 -80.89926683979682,37.66281233505227,0 -80.88806562974285,37.6507092479554,0 
				</coordinates>
			</LineString>
		</Placemark>
		<Placemark id="0282984BCF32156E6E83">
			<name>U328-BLU/ES-1. 00</name>
			<description><![CDATA[<div><span style=""><span class="size" style="font-size:12pt">Bluestone River Water Trail Group</span></span><br></div>]]></description>
			<LookAt>
				<longitude>-81.062041184587</longitude>
				<latitude>37.46548448323085</latitude>
				<altitude>609.4201445778397</altitude>
				<heading>335.1109554118369</heading>
				<tilt>0</tilt>
				<gx:fovy>35</gx:fovy>
				<range>649.8532990732202</range>
				<altitudeMode>absolute</altitudeMode>
			</LookAt>
			<styleUrl>#__managed_style_08F7A0621B412B8C0B20</styleUrl>
			<LineString>
				<coordinates>
					-81.06397192165205,37.4649060556843,0 -81.06374552743861,37.4649248933634,0 -81.0635250414179,37.46486997467524,0 -81.06278203119562,37.46488479631947,0 -81.06224760617033,37.46493567292097,0 -81.06195870148257,37.4650740453065,0 -81.06142640257799,37.46573055813448,0 -81.06057625812684,37.46653728507427,0 
				</coordinates>
			</LineString>
		</Placemark>
		<Placemark id="0A7D24FD43321570B9BF">
			<name>U328-BLU/ES-2. 00</name>
			<description><![CDATA[<div><span style=""><span class="size" style="font-size:12pt">Bluestone River Trail (Phase 2)</span></span><br></div>]]></description>
			<LookAt>
				<longitude>-81.00531274440601</longitude>
				<latitude>37.54858059229163</latitude>
				<altitude>611.161067649804</altitude>
				<heading>335.1400333419252</heading>
				<tilt>0</tilt>
				<gx:fovy>35</gx:fovy>
				<range>2758.853756496683</range>
				<altitudeMode>absolute</altitudeMode>
			</LookAt>
			<styleUrl>#__managed_style_08F7A0621B412B8C0B20</styleUrl>
			<LineString>
				<coordinates>
					-80.99171607749452,37.54683387431648,0 -80.99150085888316,37.54593286405184,0 -80.99177813065324,37.54546122606681,0 -80.99312374461024,37.54410003543348,0 -80.99566739195481,37.54241131131102,0 -80.99689658888828,37.54226673337197,0 -80.99917580883881,37.54495641354764,0 -81.00427589263559,37.54557030185423,0 -81.00799996309296,37.54555128781649,0 -81.01015948736904,37.54398116828602,0 
				</coordinates>
			</LineString>
		</Placemark>
		<Placemark id="0003CA2A5C32157519E9">
			<name>U342-CHE/AT-4. 00</name>
			<description><![CDATA[<div><span style=""><span class="size" style="font-size:12pt">Mower Tract North - Phase 4</span></span><br></div>]]></description>
			<LookAt>
				<longitude>-79.92119312797537</longitude>
				<latitude>38.57469937954977</latitude>
				<altitude>1237.790654181169</altitude>
				<heading>0.2377572488898295</heading>
				<tilt>0.7699840074921919</tilt>
				<gx:fovy>35</gx:fovy>
				<range>4110.869507796597</range>
				<altitudeMode>absolute</altitudeMode>
			</LookAt>
			<styleUrl>#__managed_style_08F7A0621B412B8C0B20</styleUrl>
			<LineString>
				<coordinates>
					-79.92453415700463,38.57448513772199,0 -79.92591863042354,38.57334055650362,0 -79.92617679616289,38.57221515374125,0 -79.92450587084957,38.57127808001344,0 -79.92271706744972,38.57150750867373,0 -79.92326250268663,38.57346048202066,0 -79.92292704131479,38.57443505967501,0 
				</coordinates>
			</LineString>
		</Placemark>
		<Placemark id="0DA598476C321572D25C">
			<name>U354- MOU/NT-1. 00</name>
			<description><![CDATA[<div><span style=""><span class="size" style="font-size:12pt">Mountwood Park ATV Trail</span></span><br></div>]]></description>
			<LookAt>
				<longitude>-81.29000433137699</longitude>
				<latitude>39.24135848022805</latitude>
				<altitude>301.6932534633427</altitude>
				<heading>0</heading>
				<tilt>0</tilt>
				<gx:fovy>35</gx:fovy>
				<range>630.320794409563</range>
				<altitudeMode>absolute</altitudeMode>
			</LookAt>
			<styleUrl>#__managed_style_08F7A0621B412B8C0B20</styleUrl>
			<LineString>
				<coordinates>
					-81.29019401926101,39.24232827839834,0 -81.29040732596749,39.24229381008089,0 -81.29052108588547,39.24210159389049,0 -81.29053451747318,39.24195528626403,0 -81.29041811519305,39.2418109649124,0 -81.29015760191353,39.24159287430172,0 -81.28980788669145,39.24145156783178,0 -81.28947164807902,39.24141155040741,0 -81.28929007917738,39.241467711054,0 -81.28907742938841,39.2415654398166,0 -81.28892374430686,39.24157771065104,0 -81.28882954038723,39.24170116089271,0 
				</coordinates>
			</LineString>
		</Placemark>
		<Placemark id="0C460775B8321B57760D">
			<name>U313-MEA/DO-2. 02</name>
			<description><![CDATA[<div>Meadow River Rail Trail<br></div><div><br></div>]]></description>
			<LookAt>
				<longitude>-80.84634679535664</longitude>
				<latitude>38.05315794740986</latitude>
				<altitude>668.407178549331</altitude>
				<heading>128.4182377003984</heading>
				<tilt>47.81033430603647</tilt>
				<gx:fovy>34.99999999998027</gx:fovy>
				<range>1808.64635106409</range>
				<altitudeMode>absolute</altitudeMode>
			</LookAt>
			<styleUrl>#__managed_style_08F7A0621B412B8C0B20</styleUrl>
			<LineString>
				<coordinates>
					-80.87982291077874,38.1067816385801,0 -80.88042417887969,38.10638497572192,0 -80.88212061915152,38.10430616889074,0 -80.88278651446684,38.10323404047055,0 -80.88276250996661,38.10253852394393,0 -80.88234666994684,38.10100403738776,0 -80.88217847351552,38.10044923433383,0 -80.88230129594858,38.09971753874465,0 -80.88249753075878,38.09880573970047,0 -80.88363888441999,38.0959810719994,0 -80.88449499284583,38.09409230261077,0 -80.88514367475665,38.09305506429515,0 -80.88543074195077,38.09190117274864,0 -80.88505358065451,38.09090692942002,0 -80.88265691184588,38.08898696208983,0 -80.88262216004615,38.08838841179239,0 -80.88275252303858,38.08751452472161,0 -80.88489477536157,38.08330252336534,0 -80.88584776382073,38.08258536466067,0 -80.8872322619863,38.08219332649906,0 -80.89113088880964,38.08216434879396,0 -80.89226680133363,38.08217643364569,0 -80.89289181988067,38.08179756286886,0 -80.89366891500734,38.08111545015347,0 -80.89366428643689,38.08045017968391,0 -80.89318732589641,38.07957202241519,0 -80.89237364565209,38.07879798515431,0 -80.89076161515821,38.07782679963045,0 -80.88892902651608,38.07748955581476,0 -80.88716073540829,38.07667232036862,0 -80.88428798632526,38.07443844285196,0 -80.8829975763138,38.072827733844,0 -80.88113040550243,38.07151256237486,0 -80.8800341718603,38.07030992458256,0 -80.87933486647043,38.06887475517173,0 -80.87897805109277,38.06797393558006,0 -80.87667973436378,38.06490411700759,0 -80.87627424136589,38.06438966609478,0 -80.86995454921484,38.06122571922599,0 -80.86585290518643,38.05873473834753,0 -80.85972210613073,38.0570378028136,0 -80.85901071378542,38.05697838485728,0 -80.85512100765605,38.05767698726543,0 -80.85343436959315,38.05689569053796,0 -80.85216379320867,38.05674598351919,0 -80.85149677974523,38.05693106420558,0 -80.85071025472588,38.05713688269874,0 -80.85022153972731,38.05714134970161,0 -80.84893581150565,38.05668778940957,0 -80.84543076800819,38.05488366808628,0 
				</coordinates>
			</LineString>
		</Placemark>
	</Folder>
	<Folder id="0A7F6E018530A79060DC">
		<name>Rhonda</name>
		<styleUrl>#__managed_style_0BC0EAB5AE412B8C0B23</styleUrl>
		<Placemark id="02F5B3EFD1311EF1BB8C">
			<name> U314-ROM/NE-4. 00 </name>
			<description><![CDATA[<div>Romney North High Street<br></div>]]></description>
			<LookAt>
				<longitude>-78.75561172201066</longitude>
				<latitude>39.34317106084266</latitude>
				<altitude>249.2891608452899</altitude>
				<heading>0</heading>
				<tilt>0</tilt>
				<gx:fovy>34.9999970266335</gx:fovy>
				<range>216.0074847148645</range>
				<altitudeMode>absolute</altitudeMode>
			</LookAt>
			<styleUrl>#__managed_style_08F7A0621B412B8C0B20</styleUrl>
			<LineString>
				<coordinates>
					-78.75653107356553,39.34209077960396,0 -78.75608967445923,39.34290950985094,0 -78.75578706929416,39.34346642293432,0 -78.75557877663601,39.3438858192447,0 -78.75544562639443,39.3438251547914,0 -78.75589723353113,39.3429685411852,0 
				</coordinates>
			</LineString>
		</Placemark>
		<Placemark id="03E1DD506B311EE51C7C">
			<name>U303-MAD/IS-3. 00</name>
			<description><![CDATA[<div>Madison Riverside Drive<br></div>]]></description>
			<LookAt>
				<longitude>-81.82153789516443</longitude>
				<latitude>38.07071501798194</latitude>
				<altitude>210.0122629599562</altitude>
				<heading>0</heading>
				<tilt>0</tilt>
				<gx:fovy>35</gx:fovy>
				<range>211.0276616044212</range>
				<altitudeMode>absolute</altitudeMode>
			</LookAt>
			<styleUrl>#__managed_style_08F7A0621B412B8C0B20</styleUrl>
			<LineString>
				<coordinates>
					-81.82430330615833,38.07218302802963,0 -81.82345318889554,38.07182914377141,0 -81.82237453270815,38.07139047344903,0 -81.82197617882323,38.07121746185452,0 -81.82185940071277,38.07116089310765,0 -81.82175796922263,38.07106971517621,0 -81.8217071467929,38.07097635717847,0 -81.82164813007321,38.07062256114067,0 
				</coordinates>
			</LineString>
		</Placemark>
		<Placemark id="0D3D77415731F77F61C3">
			<name>  U345-HIN/TO-2.  00 </name>
			<description><![CDATA[<div><span style=""><span class="size" style="font-size:12pt">Hinton Sidewalk Project</span></span><br></div>]]></description>
			<LookAt>
				<longitude>-80.89273915700764</longitude>
				<latitude>37.6643315123248</latitude>
				<altitude>417.961074756104</altitude>
				<heading>0</heading>
				<tilt>0</tilt>
				<gx:fovy>35</gx:fovy>
				<range>676.772968204823</range>
				<altitudeMode>absolute</altitudeMode>
			</LookAt>
			<styleUrl>#__managed_style_08F7A0621B412B8C0B20</styleUrl>
			<LineString>
				<coordinates>
					-80.89237864345782,37.66120865833288,0 -80.89284521889971,37.66189035287704,0 -80.89344041637209,37.6626661269548,0 -80.89349079315869,37.66284444153699,0 -80.89349083817599,37.66295949218376,0 -80.89336567196231,37.66580346664051,0 
				</coordinates>
			</LineString>
		</Placemark>
		<Placemark id="088947735F31F7814E3E">
			<name> U328-ATH/EN-3. 00 </name>
			<description><![CDATA[<div><span style=""><span class="size" style="font-size:12pt">Athens Sidewalk Project</span></span><br></div>]]></description>
			<LookAt>
				<longitude>-81.01313160078901</longitude>
				<latitude>37.4249954959705</latitude>
				<altitude>778.8324337549896</altitude>
				<heading>-48.84736753807694</heading>
				<tilt>44.99322172009543</tilt>
				<gx:fovy>35</gx:fovy>
				<range>730.2668675271707</range>
				<altitudeMode>absolute</altitudeMode>
			</LookAt>
			<styleUrl>#__managed_style_08F7A0621B412B8C0B20</styleUrl>
			<LineString>
				<coordinates>
					-81.01477695042072,37.4253816129366,0 -81.0119883897892,37.42535158099389,0 -81.01189350521467,37.42533636523339,0 -81.01172222672297,37.42332443460572,0 
				</coordinates>
			</LineString>
		</Placemark>
		<Placemark id="0948F4A0F131F78E5540">
			<name> U320-MAR/MT-1. 00 </name>
			<description><![CDATA[<div><span style=""><span class="size" style="font-size:12pt">Marmet Lens Creek Road <br>Pedestrian Safety Improvements</span></span></div><div><span style=""><span class="size" style="font-size:12pt"></span></span><br></div>]]></description>
			<LookAt>
				<longitude>-81.56300297090777</longitude>
				<latitude>38.24066001061512</latitude>
				<altitude>181.1659139570526</altitude>
				<heading>88.95197923828862</heading>
				<tilt>44.98029463363836</tilt>
				<gx:fovy>35</gx:fovy>
				<range>1070.906793727336</range>
				<altitudeMode>absolute</altitudeMode>
			</LookAt>
			<styleUrl>#__managed_style_08F7A0621B412B8C0B20</styleUrl>
			<LineString>
				<coordinates>
					-81.564170814782,38.2427391460773,0 -81.56334798492101,38.243097344413,0 -81.5630735681187,38.24319721752715,0 -81.5625433250792,38.24319141690891,0 -81.56219276974228,38.24308031324318,0 -81.56198911017344,38.24293523842756,0 -81.56176379416002,38.24266262926148,0 -81.56123690354593,38.24187566252871,0 -81.5608585663126,38.24150973440484,0 -81.56044183548748,38.24118692443683,0 -81.56006520949937,38.24098862785662,0 -81.55961810845217,38.24070109217068,0 -81.55972730567454,38.24049797737533,0 -81.55990386197095,38.24052684922324,0 
				</coordinates>
			</LineString>
		</Placemark>
		<Placemark id="00DF5CBC8D31F78F967D">
			<name>U213-ALD/ER-5. 00 23</name>
			<description><![CDATA[<div><span style=""><span class="size" style="font-size:12pt">Alderson Memorial Bridge Repairs</span></span><br></div>]]></description>
			<LookAt>
				<longitude>-80.64313579459368</longitude>
				<latitude>37.72502900613961</latitude>
				<altitude>467.8532158939639</altitude>
				<heading>-93.67523453313454</heading>
				<tilt>44.99839451859094</tilt>
				<gx:fovy>35</gx:fovy>
				<range>562.2272788952978</range>
				<altitudeMode>absolute</altitudeMode>
			</LookAt>
			<styleUrl>#__managed_style_08F7A0621B412B8C0B20</styleUrl>
			<LineString>
				<coordinates>
					-80.64292246999116,37.72430938946896,0 -80.64245225875295,37.72581213711225,0 
				</coordinates>
			</LineString>
		</Placemark>
		<Placemark id="025A301C8031FB99544A">
			<name>U310-MTH/OP-3. 00</name>
			<description><![CDATA[<div><span style=""><span class="size" style="font-size:12pt">Mount Hope Sidewalks</span></span><br></div>]]></description>
			<LookAt>
				<longitude>-81.16481101918664</longitude>
				<latitude>37.89492280919558</latitude>
				<altitude>521.9887029395931</altitude>
				<heading>0</heading>
				<tilt>0</tilt>
				<gx:fovy>35</gx:fovy>
				<range>738.8379901256121</range>
				<altitudeMode>absolute</altitudeMode>
			</LookAt>
			<styleUrl>#__managed_style_08F7A0621B412B8C0B20</styleUrl>
			<LineString>
				<coordinates>
					-81.16571996482593,37.89402677029443,0 -81.16536909877865,37.89457743781023,0 -81.16512482766545,37.89485106337241,0 -81.16465655453072,37.89530458837642,0 -81.16430155918319,37.89558213844294,0 
				</coordinates>
			</LineString>
		</Placemark>
		<Placemark id="056FE2360531FB9CB7B7">
			<name>U313-LEW/IS-5. 00</name>
			<description><![CDATA[<div><span style=""><span class="size" style="font-size:12pt">Lewisburg Feamster Road Sidewalks</span></span><br></div>]]></description>
			<LookAt>
				<longitude>-80.44359234204239</longitude>
				<latitude>37.8068290060754</latitude>
				<altitude>648.9090549203432</altitude>
				<heading>0</heading>
				<tilt>0</tilt>
				<gx:fovy>35</gx:fovy>
				<range>1373.54375455805</range>
				<altitudeMode>absolute</altitudeMode>
			</LookAt>
			<styleUrl>#__managed_style_08F7A0621B412B8C0B20</styleUrl>
			<LineString>
				<coordinates>
					-80.44369599743608,37.80519535543636,0 -80.44458313855293,37.80590854276497,0 -80.44495658478137,37.806562751371,0 -80.44515134145202,37.80769418529857,0 -80.445207679289,37.80798610901586,0 
				</coordinates>
			</LineString>
		</Placemark>
		<Placemark id="0865EDB73431FB9AD66D">
			<name>U310-OAK/HI-5. 03</name>
			<description><![CDATA[<div><span style=""><span class="size" style="font-size:12pt">Oak Hill Virginia Street Sidewalks</span></span><br></div>]]></description>
			<LookAt>
				<longitude>-81.15054127557106</longitude>
				<latitude>37.97747343012215</latitude>
				<altitude>592.3313944530227</altitude>
				<heading>0</heading>
				<tilt>0</tilt>
				<gx:fovy>35</gx:fovy>
				<range>798.4682052336575</range>
				<altitudeMode>absolute</altitudeMode>
			</LookAt>
			<styleUrl>#__managed_style_08F7A0621B412B8C0B20</styleUrl>
			<LineString>
				<coordinates>
					-81.15701087288356,37.97566549128558,0 -81.15467240106481,37.97646744145095,0 -81.15236690269778,37.97728700961677,0 -81.15018209185224,37.97804464672024,0 -81.14960158951391,37.97820418629149,0 
				</coordinates>
			</LineString>
		</Placemark>
		<Placemark id="01FB986F9931FBAC54CC">
			<name> U334-  SUM/ME-  2. 00 </name>
			<description><![CDATA[<div><span style=""><span class="size" style="font-size:12pt">Summersville Webster Road <br>Sidewalk Improvements</span></span></div>]]></description>
			<LookAt>
				<longitude>-80.84145273147946</longitude>
				<latitude>38.28735729940624</latitude>
				<altitude>581.2213160747198</altitude>
				<heading>-81.93361421626817</heading>
				<tilt>61.18232553800377</tilt>
				<gx:fovy>74.54770658780303</gx:fovy>
				<range>427.6880361156509</range>
				<altitudeMode>absolute</altitudeMode>
			</LookAt>
			<styleUrl>#__managed_style_08F7A0621B412B8C0B20</styleUrl>
			<LineString>
				<coordinates>
					-80.83898607710894,38.28888408988341,0 -80.84007324998994,38.28726308422296,0 -80.84064592870982,38.28644092470766,0 -80.84135546075906,38.2856811818414,0 
				</coordinates>
			</LineString>
		</Placemark>
		<Placemark id="09826EFD0531FBA06588">
			<name>U309-WES/TU-2. 00</name>
			<description><![CDATA[<div><span style=""><span class="size" style="font-size:12pt">West Union Downtown Sidewalk</span></span><br></div>]]></description>
			<LookAt>
				<longitude>-80.77513518234271</longitude>
				<latitude>39.2947334557928</latitude>
				<altitude>257.746177089077</altitude>
				<heading>0</heading>
				<tilt>0</tilt>
				<gx:fovy>35</gx:fovy>
				<range>426.7947714363254</range>
				<altitudeMode>absolute</altitudeMode>
			</LookAt>
			<styleUrl>#__managed_style_08F7A0621B412B8C0B20</styleUrl>
			<LineString>
				<coordinates>
					-80.77724258744227,39.29386741861148,0 -80.77669254083757,39.29438400743155,0 -80.77629729185644,39.29474147877673,0 -80.7761585892583,39.29474276912583,0 -80.77556599859912,39.2944553941499,0 -80.77456144565141,39.295377809577,0 -80.7755456149111,39.29445931428604,0 -80.77491875650206,39.29412891011379,0 
				</coordinates>
			</LineString>
		</Placemark>
		<Placemark id="0FDC9B334531FBA550DC">
			<name>  U340-BUF/FA-2. 00 </name>
			<description><![CDATA[<div><span style=""><span class="size" style="font-size:12pt">Buffalo Sidewalk Project</span></span><br></div>]]></description>
			<LookAt>
				<longitude>-81.98513340053316</longitude>
				<latitude>38.6116533847793</latitude>
				<altitude>175.5963618390544</altitude>
				<heading>0</heading>
				<tilt>0</tilt>
				<gx:fovy>35</gx:fovy>
				<range>1649.837334087643</range>
				<altitudeMode>absolute</altitudeMode>
			</LookAt>
			<styleUrl>#__managed_style_08F7A0621B412B8C0B20</styleUrl>
			<LineString>
				<coordinates>
					-81.99116507073495,38.60614222793412,0 -81.98644517119358,38.61218390517882,0 
				</coordinates>
			</LineString>
		</Placemark>
		<Placemark id="095440B4D531FBB1660F">
			<name>U334-SUM/ME-0. 00</name>
			<description><![CDATA[<div><span style=""><span class="size" style="font-size:12pt">Summersville Webster Road <br>Sidewalk Improvements</span></span></div>]]></description>
			<LookAt>
				<longitude>-80.83918890414728</longitude>
				<latitude>38.28957886878911</latitude>
				<altitude>587.0336234564401</altitude>
				<heading>0</heading>
				<tilt>0</tilt>
				<gx:fovy>35.00000000000006</gx:fovy>
				<range>1474.418785857997</range>
				<altitudeMode>absolute</altitudeMode>
			</LookAt>
			<styleUrl>#__managed_style_08F7A0621B412B8C0B20</styleUrl>
			<LineString>
				<coordinates>
					-80.8381804173044,38.2944873213222,0 -80.83748174838131,38.29332784141875,0 -80.83727125160159,38.29279084580983,0 -80.83785027399847,38.29095427202583,0 -80.83828180419371,38.28983609387735,0 -80.83900067531725,38.28890018594795,0 
				</coordinates>
			</LineString>
		</Placemark>
		<Placemark id="0D4192828031FBA3B7C4">
			<name>U303-DAN/VI-1.00</name>
			<description><![CDATA[<div><span style=""><span class="size" style="font-size:12pt">Park Avenue and Phipps Avenue Walking Improvements (Danville)</span></span><br></div>]]></description>
			<LookAt>
				<longitude>-81.83631205559026</longitude>
				<latitude>38.08310008342806</latitude>
				<altitude>211.0934957363597</altitude>
				<heading>0</heading>
				<tilt>0</tilt>
				<gx:fovy>35</gx:fovy>
				<range>521.8519471657783</range>
				<altitudeMode>absolute</altitudeMode>
			</LookAt>
			<styleUrl>#__managed_style_08F7A0621B412B8C0B20</styleUrl>
			<LineString>
				<coordinates>
					-81.83050383069528,38.07582919533992,0 -81.83168876095888,38.07587763373795,0 -81.83302139796322,38.07670745236676,0 -81.83330518487486,38.07707443838216,0 -81.83389520150222,38.07777040119912,0 -81.83418107424906,38.07804813277059,0 -81.83396798264094,38.07819669281892,0 -81.83387134209076,38.07822917777822,0 -81.83505193529238,38.07989608815419,0 -81.83596428737529,38.08110570153489,0 -81.83663930407336,38.08206673396614,0 -81.8371782375721,38.08278253177492,0 
				</coordinates>
			</LineString>
		</Placemark>
		<Placemark id="001FD4955731FBAEE7A8">
			<name>U303-MAD/IS-4. 00</name>
			<description><![CDATA[<div><span style=""><span class="size" style="font-size:12pt">Madison Main Street Streetscape Phase 2</span></span><br></div>]]></description>
			<LookAt>
				<longitude>-81.82032700285964</longitude>
				<latitude>38.06391145711776</latitude>
				<altitude>234.8707367586237</altitude>
				<heading>0</heading>
				<tilt>0</tilt>
				<gx:fovy>35.00000000372958</gx:fovy>
				<range>1150.574599744287</range>
				<altitudeMode>absolute</altitudeMode>
			</LookAt>
			<styleUrl>#__managed_style_08F7A0621B412B8C0B20</styleUrl>
			<LineString>
				<coordinates>
					-81.82141680451146,38.065455133721,0 -81.82199120423991,38.0645446124451,0 -81.82246445573175,38.06384558653632,0 -81.82273001470377,38.06337714521915,0 -81.82279371209776,38.06308849897034,0 -81.82292567304833,38.06265458184253,0 
				</coordinates>
			</LineString>
		</Placemark>
		<Placemark id="05E931BD9731FBBC16F3">
			<name>U340-POC/A-25. 00</name>
			<description><![CDATA[<div><span style=""><span class="size" style="font-size:12pt">Poca Laurel Avenue Sidewalk Extension, Phase II</span></span><br></div>]]></description>
			<LookAt>
				<longitude>-81.8107493034789</longitude>
				<latitude>38.47880114261358</latitude>
				<altitude>170.6260639608672</altitude>
				<heading>0</heading>
				<tilt>0</tilt>
				<gx:fovy>35</gx:fovy>
				<range>533.8827900206525</range>
				<altitudeMode>absolute</altitudeMode>
			</LookAt>
			<styleUrl>#__managed_style_08F7A0621B412B8C0B20</styleUrl>
			<LineString>
				<coordinates>
					-81.8121168954679,38.47817729945844,0 -81.81196997806647,38.47835651796647,0 -81.81171832374669,38.47882422577945,0 -81.81141644857937,38.479014645227,0 -81.81131624053251,38.47912540693696,0 
				</coordinates>
			</LineString>
		</Placemark>
		<Placemark id="0BDBDC734231FBB738CB">
			<name>U320-CHA/S-25. 00</name>
			<description><![CDATA[<div><span style=""><span class="size" style="font-size:12pt">Charleston Smith St &amp; Leon Sullivan Walkway</span></span><br></div>]]></description>
			<LookAt>
				<longitude>-81.62562874348131</longitude>
				<latitude>38.35036644676126</latitude>
				<altitude>180.6788039701285</altitude>
				<heading>0</heading>
				<tilt>0</tilt>
				<gx:fovy>35</gx:fovy>
				<range>895.5043771068451</range>
				<altitudeMode>absolute</altitudeMode>
			</LookAt>
			<styleUrl>#__managed_style_08F7A0621B412B8C0B20</styleUrl>
			<LineString>
				<coordinates>
					-81.62373889497601,38.34913041318547,0 -81.62470619506284,38.34994463701049,0 -81.62505526770572,38.3500200621102,0 -81.62677729816465,38.35129233764935,0 
				</coordinates>
			</LineString>
		</Placemark>
		<Placemark id="095208DCF431FBB98996">
			<name>U351-COW/EN-25. 00</name>
			<description><![CDATA[<div><span style=""><span class="size" style="font-size:12pt">Cowen Sidewalks</span></span><br></div><div><span style=""><span class="size" style="font-size:12pt"></span></span><br></div>]]></description>
			<LookAt>
				<longitude>-80.55871668202599</longitude>
				<latitude>38.41227184243628</latitude>
				<altitude>700.8441580162242</altitude>
				<heading>0</heading>
				<tilt>0</tilt>
				<gx:fovy>35</gx:fovy>
				<range>439.6596833817603</range>
				<altitudeMode>absolute</altitudeMode>
			</LookAt>
			<styleUrl>#__managed_style_08F7A0621B412B8C0B20</styleUrl>
			<LineString>
				<coordinates>
					-80.55623944501167,38.4094529825047,0 -80.55737710335507,38.40980885087271,0 -80.55700525095656,38.4109134266532,0 -80.55693223626551,38.41101590192665,0 -80.55761053967009,38.41121637752185,0 -80.55897103628887,38.41238592524827,0 
				</coordinates>
			</LineString>
		</Placemark>
		<Placemark id="05CE53870431FCA3436C">
			<name>U304-GAS/WA-25. 00</name>
			<description><![CDATA[<div><span style=""><span class="size" style="font-size:12pt">Gassaway Trail-to-Town Connector</span></span><br></div>]]></description>
			<LookAt>
				<longitude>-80.7764252823831</longitude>
				<latitude>38.67211264835226</latitude>
				<altitude>254.0915399345352</altitude>
				<heading>0</heading>
				<tilt>0</tilt>
				<gx:fovy>35</gx:fovy>
				<range>420.2637411335309</range>
				<altitudeMode>absolute</altitudeMode>
			</LookAt>
			<styleUrl>#__managed_style_08F7A0621B412B8C0B20</styleUrl>
			<LineString>
				<coordinates>
					-80.77630954301121,38.67257427627774,0 -80.77642024609101,38.67221291387062,0 -80.77648063312512,38.67198104111683,0 -80.77618931312252,38.67193821764544,0 -80.77574776198216,38.67184621873541,0 -80.77533864651333,38.67179304878212,0 
				</coordinates>
			</LineString>
		</Placemark>
		<Placemark id="06F8B998F931FCA0B793">
			<name>U338-MAR/LI-25. 00</name>
			<description><![CDATA[<div><span style=""><span class="size" style="font-size:12pt">Marlinton Sidewalks</span></span><br></div>]]></description>
			<LookAt>
				<longitude>-80.0949383647272</longitude>
				<latitude>38.22495176258816</latitude>
				<altitude>646.980314750871</altitude>
				<heading>0</heading>
				<tilt>0</tilt>
				<gx:fovy>35</gx:fovy>
				<range>2887.566197152482</range>
				<altitudeMode>absolute</altitudeMode>
			</LookAt>
			<styleUrl>#__managed_style_08F7A0621B412B8C0B20</styleUrl>
			<LineString>
				<coordinates>
					-80.09335752682183,38.22606943098658,0 -80.09625052699192,38.22317079070661,0 -80.09452832862884,38.22198354413851,0 -80.09169476580286,38.22491952051036,0 -80.09253785039851,38.22555427191848,0 
				</coordinates>
			</LineString>
		</Placemark>
		<Placemark id="0BAC28606C31FCA69F5E">
			<name>U320-CHA/S-2. 02</name>
			<description><![CDATA[<div><span style=""><span class="size" style="font-size:12pt">Washington Street W Streetscape  (CURA)</span></span><br></div>]]></description>
			<LookAt>
				<longitude>-81.6525934161528</longitude>
				<latitude>38.36762647022974</latitude>
				<altitude>190.9976943305165</altitude>
				<heading>0</heading>
				<tilt>0</tilt>
				<gx:fovy>35</gx:fovy>
				<range>290.0060035732167</range>
				<altitudeMode>absolute</altitudeMode>
			</LookAt>
			<styleUrl>#__managed_style_08F7A0621B412B8C0B20</styleUrl>
			<LineString>
				<coordinates>
					-81.65528831426491,38.36901275473917,0 -81.65409565531731,38.36843680959593,0 -81.6530174997043,38.36791522433639,0 -81.65251481768648,38.36767434776293,0 
				</coordinates>
			</LineString>
		</Placemark>
		<Placemark id="02850CBB223215418FA2">
			<name>U303-MAD/IS-2. 00</name>
			<description><![CDATA[<div><span style=""><span class="size" style="font-size:12pt">Madison State Street Streetscape Phase I</span></span><br></div><div><span style=""><span class="size" style="font-size:12pt"></span></span><br></div>]]></description>
			<LookAt>
				<longitude>-81.82030187164074</longitude>
				<latitude>38.06426051218473</latitude>
				<altitude>229.5609094719929</altitude>
				<heading>0</heading>
				<tilt>0</tilt>
				<gx:fovy>35</gx:fovy>
				<range>664.7313709438458</range>
				<altitudeMode>absolute</altitudeMode>
			</LookAt>
			<styleUrl>#__managed_style_08F7A0621B412B8C0B20</styleUrl>
			<LineString>
				<coordinates>
					-81.82075984798381,38.06524338793048,0 -81.82184793393424,38.06339269955218,0 
				</coordinates>
			</LineString>
		</Placemark>
		<Placemark id="0033B39C2032154393B9">
			<name>U303-MAD/IS-3.00</name>
			<description><![CDATA[<div><span style=""><span class="size" style="font-size:12pt">Madison Riverside Drive Sidewalks</span></span><br></div><div><span style=""><span class="size" style="font-size:12pt"></span></span><br></div>]]></description>
			<LookAt>
				<longitude>-81.82262158602916</longitude>
				<latitude>38.07137081995312</latitude>
				<altitude>211.6651091681871</altitude>
				<heading>0</heading>
				<tilt>0</tilt>
				<gx:fovy>35</gx:fovy>
				<range>647.159737541224</range>
				<altitudeMode>absolute</altitudeMode>
			</LookAt>
			<styleUrl>#__managed_style_08F7A0621B412B8C0B20</styleUrl>
			<LineString>
				<coordinates>
					-81.82423679791918,38.0721761240284,0 -81.82183358937577,38.07116093312199,0 -81.82166610385903,38.07095235298843,0 -81.82163064669183,38.07061030366329,0 
				</coordinates>
			</LineString>
		</Placemark>
		<Placemark id="05C3DD7EAF321548A7E3">
			<name>U313-WHI/TE-1. 02</name>
			<description><![CDATA[<div><span style=""><span class="size" style="font-size:12pt">Howard's Creek Hike/Bike Trail &amp; Ped Bridge</span></span><br></div>]]></description>
			<LookAt>
				<longitude>-80.30064523970611</longitude>
				<latitude>37.79536250544567</latitude>
				<altitude>563.1230920014685</altitude>
				<heading>0</heading>
				<tilt>0</tilt>
				<gx:fovy>35</gx:fovy>
				<range>227.844887325482</range>
				<altitudeMode>absolute</altitudeMode>
			</LookAt>
			<styleUrl>#__managed_style_08F7A0621B412B8C0B20</styleUrl>
			<LineString>
				<coordinates>
					-80.30086224651673,37.79560367054307,0 -80.30075611489694,37.79533220541321,0 
				</coordinates>
			</LineString>
		</Placemark>
		<Placemark id="07F1A937183215835ACA">
			<name>U301-PHI/LI-25. 00</name>
			<description><![CDATA[<div><span style=""><span class="size" style="font-size:12pt">Philippi Main Street Sidewalks</span></span><br></div>]]></description>
			<LookAt>
				<longitude>-80.03957574594617</longitude>
				<latitude>39.15169118300197</latitude>
				<altitude>397.7243345262057</altitude>
				<heading>0</heading>
				<tilt>0</tilt>
				<gx:fovy>34.99999999772206</gx:fovy>
				<range>606.9925406539552</range>
				<altitudeMode>absolute</altitudeMode>
			</LookAt>
			<styleUrl>#__managed_style_08F7A0621B412B8C0B20</styleUrl>
			<LineString>
				<coordinates>
					-80.04086468750441,39.15290482348261,0 -80.0372074712173,39.1508102642994,0 -80.0371853397664,39.15072534271754,0 -80.03707637012124,39.15079313201458,0 -80.03715574077843,39.15089860201498,0 -80.04068968388725,39.15292622436933,0 
				</coordinates>
			</LineString>
		</Placemark>
	</Folder>
	<Folder id="0919DBCD463114B4B1D0">
		<name>Cameron</name>
		<styleUrl>#__managed_style_0BC0EAB5AE412B8C0B23</styleUrl>
		<Placemark id="0F38C8D3C331191F2313">
			<name>U319-HAR/PE-2. 00</name>
			<description><![CDATA[<div>Harper's Ferry High Street</div>]]></description>
			<LookAt>
				<longitude>-77.73314684707114</longitude>
				<latitude>39.32394168083238</latitude>
				<altitude>135.3528866687723</altitude>
				<heading>0</heading>
				<tilt>0</tilt>
				<gx:fovy>30</gx:fovy>
				<range>697.7903689490631</range>
				<altitudeMode>absolute</altitudeMode>
			</LookAt>
			<styleUrl>#__managed_style_08F7A0621B412B8C0B20</styleUrl>
			<LineString>
				<coordinates>
					-77.73070652191568,39.32335333518743,0 -77.73149892939719,39.32383263320823,0 -77.73193529558256,39.32403194555967,0 -77.73321695779083,39.32469826072509,0 
				</coordinates>
			</LineString>
		</Placemark>
		<Placemark id="012CCFBE69311926C04C">
			<name>U323-CHP/GRN-1.00</name>
			<description><![CDATA[<div>Chapmanville Community Greenspace<br></div><div><br></div>]]></description>
			<LookAt>
				<longitude>-82.01830372146682</longitude>
				<latitude>37.95697980000077</latitude>
				<altitude>196.1217890266888</altitude>
				<heading>0</heading>
				<tilt>0</tilt>
				<gx:fovy>30</gx:fovy>
				<range>251.616574912041</range>
				<altitudeMode>absolute</altitudeMode>
			</LookAt>
			<styleUrl>#__managed_style_08F7A0621B412B8C0B20</styleUrl>
			<LineString>
				<coordinates>
					-82.0183757474361,37.95711704349092,0 -82.01839733584009,37.95720029019312,0 -82.01819107173988,37.95725098712635,0 -82.01815748995429,37.95719055176956,0 -82.01808522534508,37.95703564818459,0 -82.0181092837406,37.95702238568796,0 -82.01814032922779,37.95689928085498,0 -82.01812101522273,37.95672106163731,0 -82.01813769808184,37.9566202837646,0 -82.01820265317455,37.95656711890461,0 -82.01835906185921,37.95655199024185,0 -82.01839500530626,37.95668337608038,0 -82.01841179511545,37.95672131917835,0 -82.01829892177491,37.95677638216829,0 -82.0182412876251,37.95686525156682,0 -82.01819564049032,37.95700915302714,0 -82.01821006535015,37.95704891155188,0 -82.01826770098903,37.957054589645,0 -82.01839014368187,37.9570375309169,0 -82.01843331526146,37.95697128486028,0 -82.01848611256331,37.95690316393225,0 -82.01846217930265,37.95683119702846,0 -82.01844055945961,37.95675360254739,0 -82.01842139947472,37.95672321748803,0 
				</coordinates>
			</LineString>
		</Placemark>
		<Placemark id="039372DEB73114D301C8">
			<name>U321-LEW/PRK-1.00</name>
			<description><![CDATA[<div>Lewis Co Park Trail Extension 2023<br></div>]]></description>
			<LookAt>
				<longitude>-80.44543524282567</longitude>
				<latitude>39.03772820309554</latitude>
				<altitude>320.1773876187453</altitude>
				<heading>-90.97755029118417</heading>
				<tilt>44.99856102583932</tilt>
				<gx:fovy>35</gx:fovy>
				<range>572.3542210283631</range>
				<altitudeMode>absolute</altitudeMode>
			</LookAt>
			<styleUrl>#__managed_style_08F7A0621B412B8C0B20</styleUrl>
			<LineString>
				<coordinates>
					-80.44415035356191,39.03847143132458,0 -80.44462347247703,39.03822051576581,0 -80.44462179563595,39.03801564721689,0 -80.44566747839191,39.03769279658346,0 -80.44584136408425,39.03793768035391,0 -80.44556462679796,39.03811564562182,0 -80.44591664584185,39.03864804730132,0 -80.44607120756946,39.03867082892088,0 -80.44633937019232,39.03912898697717,0 -80.44603368682046,39.03920098287206,0 -80.44573007197617,39.03927612563098,0 -80.44568884899586,39.039171390209,0 -80.4454970712849,39.0391672585269,0 -80.44537465516177,39.03922897357707,0 -80.44516930778254,39.0391621980714,0 -80.44487507939644,39.03920632391123,0 -80.44458774468264,39.03943364247381,0 -80.44462016377531,39.0395970161546,0 -80.4439943836838,39.03968428327849,0 -80.44372771073235,39.03946005229594,0 
				</coordinates>
			</LineString>
		</Placemark>
		<Placemark id="07BFC7953D3114E3265D">
			<name>U306-MEM/PRK-1.00</name>
			<description><![CDATA[<div>Memorial Park Pathway GHPRD<br></div>]]></description>
			<LookAt>
				<longitude>-82.47558323525766</longitude>
				<latitude>38.40423653772236</latitude>
				<altitude>211.90458128054</altitude>
				<heading>66.18548415127228</heading>
				<tilt>59.96769195691238</tilt>
				<gx:fovy>35</gx:fovy>
				<range>796.9900306568888</range>
				<altitudeMode>absolute</altitudeMode>
			</LookAt>
			<styleUrl>#__managed_style_08F7A0621B412B8C0B20</styleUrl>
			<LineString>
				<coordinates>
					-82.44130232653126,38.40701691374762,0 -82.43462137263293,38.40790105382676,0 -82.43529093170133,38.4091472690103,0 -82.4418273221616,38.40812218641205,0 -82.44182784955656,38.40698993894231,0 -82.44391164399275,38.40661345059787,0 -82.44580193285897,38.40640142016078,0 -82.44705406954859,38.40629874775316,0 -82.44888609787598,38.4068649599932,0 -82.44966296696433,38.40690815588353,0 -82.45042926846898,38.40656262699542,0 -82.45140867733373,38.40659464910895,0 -82.45248741822665,38.40641019207617,0 -82.45307663989233,38.4064148119279,0 -82.4534798447087,38.40646255338725,0 -82.45455532341347,38.40667956230608,0 -82.45491309281064,38.40667376988943,0 -82.45546193323166,38.40650503091191,0 -82.4557420749268,38.40638371817651,0 -82.45627195268089,38.40614577846257,0 -82.45690137625047,38.40605233785902,0 -82.45764987164098,38.40598327203328,0 -82.45796498205657,38.4059888717012,0 -82.45906876335093,38.40641573188479,0 -82.45946313037679,38.40655950602166,0 -82.46001196382834,38.40656522466098,0 -82.46030097557347,38.40646220245865,0 -82.46110717442765,38.40619268710086,0 -82.46183838249353,38.40614284178001,0 -82.46359398245248,38.40612749117034,0 -82.46388363123654,38.40616228417703,0 -82.46681974911679,38.40608139581997,0 -82.46785897129281,38.40592068815985,0 -82.469794519798,38.40587704081768,0 -82.4707675596794,38.40612412862906,0 -82.47130388703627,38.40619337744179,0 -82.47189852322694,38.40612621561136,0 -82.47270041508894,38.40599762392006,0 -82.47308586266787,38.40573587794107,0 -82.47400686429233,38.40561077980581,0 -82.47471343377985,38.40544516385531,0 -82.4756229927907,38.40522333124805,0 -82.4771610043759,38.40472184179552,0 -82.47799286707917,38.40435245907543,0 -82.47841302834031,38.40422975192814,0 
				</coordinates>
			</LineString>
		</Placemark>
		<Placemark id="0267CBB64331150AE85D">
			<name>U342-COU/RT-1.00</name>
			<description><![CDATA[<div>Randolph County Courthouse<br></div><div><br></div><div><br></div>]]></description>
			<LookAt>
				<longitude>-79.84339076588856</longitude>
				<latitude>38.92398582489926</latitude>
				<altitude>587.4874905683077</altitude>
				<heading>0</heading>
				<tilt>0</tilt>
				<gx:fovy>35</gx:fovy>
				<range>84.02681712854246</range>
				<altitudeMode>absolute</altitudeMode>
			</LookAt>
			<styleUrl>#__managed_style_08F7A0621B412B8C0B20</styleUrl>
			<LineString>
				<coordinates>
					-79.84338583830737,38.92410988365292,0 -79.84300780547257,38.92374816937958,0 -79.84290346619736,38.92381245343631,0 
				</coordinates>
			</LineString>
		</Placemark>
		<Placemark id="0D0BBF0F9231150EEC5D">
			<name>U319-SHE/PH-8.00</name>
			<description><![CDATA[<div>Shepherdstown Path<br></div>]]></description>
			<LookAt>
				<longitude>-77.81949373013776</longitude>
				<latitude>39.42377445179901</latitude>
				<altitude>137.8429941825048</altitude>
				<heading>0</heading>
				<tilt>0</tilt>
				<gx:fovy>35</gx:fovy>
				<range>425.25095789817</range>
				<altitudeMode>absolute</altitudeMode>
			</LookAt>
			<styleUrl>#__managed_style_08F7A0621B412B8C0B20</styleUrl>
			<LineString>
				<coordinates>
					-77.81228662825745,39.42795270857787,0 -77.81573803841241,39.42584878267768,0 -77.82022238623269,39.42317569182921,0 
				</coordinates>
			</LineString>
		</Placemark>
		<Placemark id="09B84071023115123DB0">
			<name>U333-NBR/T-1. 02</name>
			<description><![CDATA[<div>North Berkeley Rail Trail III<br></div>]]></description>
			<LookAt>
				<longitude>-78.21880452236485</longitude>
				<latitude>39.63838320032313</latitude>
				<altitude>178.2984507937907</altitude>
				<heading>0</heading>
				<tilt>0</tilt>
				<gx:fovy>35</gx:fovy>
				<range>526.6714044662514</range>
				<altitudeMode>absolute</altitudeMode>
			</LookAt>
			<styleUrl>#__managed_style_08F7A0621B412B8C0B20</styleUrl>
			<LineString>
				<coordinates>
					-78.22408325538072,39.63148277061501,0 -78.22244625430378,39.6331852757868,0 -78.22203000929963,39.63366185598214,0 -78.22119601755269,39.63467452508759,0 -78.22071483997638,39.63546474915469,0 -78.21956662721638,39.6371587804045,0 -78.21888151216162,39.63899683679236,0 -78.21873118133423,39.64035636736918,0 -78.21720780855026,39.64141449907396,0 -78.21594854844766,39.64239384634781,0 -78.21525240691524,39.64340002806814,0 -78.20430060050904,39.65601045366177,0 -78.20462876985101,39.65728806563666,0 
				</coordinates>
			</LineString>
		</Placemark>
		<Placemark id="04E28EC8F531DD85AAA1">
			<name>U310-WVT/TRL-1.00</name>
			<description><![CDATA[<div>Montgomery Tech Trail<br></div>]]></description>
			<LookAt>
				<longitude>-81.32390699234142</longitude>
				<latitude>38.17332648752911</latitude>
				<altitude>506.5390379628081</altitude>
				<heading>0</heading>
				<tilt>0</tilt>
				<gx:fovy>35</gx:fovy>
				<range>1756.347859606321</range>
				<altitudeMode>absolute</altitudeMode>
			</LookAt>
			<styleUrl>#__managed_style_08F7A0621B412B8C0B20</styleUrl>
			<LineString>
				<coordinates>
					-81.32452650372447,38.17789949000781,0 -81.32453970412422,38.17768442408022,0 -81.32241748295615,38.17627083444867,0 -81.32197025558381,38.17542687184896,0 -81.32231263636697,38.17485470576289,0 -81.32192770377621,38.1738593462826,0 -81.32101867041442,38.17301397801106,0 -81.32155870144067,38.17215351113932,0 -81.3219783485771,38.17141560313011,0 -81.32301777317724,38.17023522082149,0 -81.32309992529451,38.17096057924892,0 -81.32387994451537,38.17196553902347,0 -81.32506022693154,38.17268341578123,0 -81.3257688938882,38.17369240204183,0 -81.32560779435448,38.17428915755583,0 -81.32511664419036,38.17438549012164,0 -81.32411538315425,38.17487733153373,0 -81.32429695493209,38.1759265374707,0 -81.32559613211568,38.17559166070908,0 -81.32654499544714,38.17694135467077,0 -81.32582401609412,38.17738724809035,0 -81.32470395580133,38.1776646432339,0 
				</coordinates>
			</LineString>
		</Placemark>
		<Placemark id="0D95D945A431DD873F34">
			<name>U340-MEE/KS-1. 00</name>
			<description><![CDATA[<div>Hurricane Meeks Mountain Trails<br></div>]]></description>
			<LookAt>
				<longitude>-81.98247001226788</longitude>
				<latitude>38.43875975008961</latitude>
				<altitude>202.3041871240153</altitude>
				<heading>0</heading>
				<tilt>0</tilt>
				<gx:fovy>30.00000950711739</gx:fovy>
				<range>233.7434241193478</range>
				<altitudeMode>absolute</altitudeMode>
			</LookAt>
			<styleUrl>#__managed_style_08F7A0621B412B8C0B20</styleUrl>
			<LineString>
				<coordinates>
					-81.98261302630306,38.43852647240087,0 -81.98267678752899,38.43864753360362,0 -81.98277928365468,38.4387043796307,0 -81.98280303252301,38.43875628709203,0 -81.98276326033806,38.43906056519127,0 -81.98252833649417,38.43902682348239,0 -81.98231353435847,38.43858815883025,0 -81.98255423067926,38.43853870540624,0 
				</coordinates>
			</LineString>
		</Placemark>
		<Placemark id="01BE2934BF321633F793">
			<name>U319- SHE/PH- 8. 00</name>
			<description><![CDATA[<div><span style=""><span class="size" style="font-size:12pt">Shepherdstown Path</span></span><br></div><div><span style=""><span class="size" style="font-size:12pt"></span></span><br></div>]]></description>
			<LookAt>
				<longitude>-77.81394587859725</longitude>
				<latitude>39.42727434291951</latitude>
				<altitude>136.6132763028494</altitude>
				<heading>10.47680702212688</heading>
				<tilt>36.01453819196556</tilt>
				<gx:fovy>34.9999973193386</gx:fovy>
				<range>814.1209651852841</range>
				<altitudeMode>absolute</altitudeMode>
			</LookAt>
			<styleUrl>#__managed_style_08F7A0621B412B8C0B20</styleUrl>
			<LineString>
				<coordinates>
					-77.82024187460641,39.42327512232382,0 -77.81624286009807,39.42563002566335,0 -77.81234467919613,39.42800909131387,0 
				</coordinates>
			</LineString>
		</Placemark>
		<Placemark id="09D479A53D321638553F">
			<name>U319-HAR/PE-2.00</name>
			<description><![CDATA[<div><span style=""><span class="size" style="font-size:12pt">Harpers Ferry High Street Improvement Project</span></span><br></div>]]></description>
			<LookAt>
				<longitude>-77.73205004263178</longitude>
				<latitude>39.32405654769699</latitude>
				<altitude>100.7913043046226</altitude>
				<heading>0</heading>
				<tilt>0</tilt>
				<gx:fovy>30.00000000067003</gx:fovy>
				<range>521.5141568327091</range>
				<altitudeMode>absolute</altitudeMode>
			</LookAt>
			<styleUrl>#__managed_style_08F7A0621B412B8C0B20</styleUrl>
			<LineString>
				<coordinates>
					-77.73321448930319,39.32470103999168,0 -77.73070947954179,39.32336687543149,0 
				</coordinates>
			</LineString>
		</Placemark>
	</Folder>
</Document>
</kml>
